beneficiary,category,sector_code,parent_company_or_owner,trade_description,ft_category,translation
A4E Ltd,Company,9111 - Activities of business and employers organisations,A4E,,Welfare to work
Generalna Dyrekcja Dróg Krajowych i Autostrad,Government Organisation,8411 - General public administration activities,Government of Poland
Nemzeti Infrastruktúra Fejlesztő Zrt.,Government Organisation,4211 - Construction of roads and motorways
Administrador de infraestructuras Ferroviarias,Government Organisation,4211 - Construction of roads and motorways  
Ředitelství silnic a dálnic ČR,Government Organisation - Check,5221 - Service activities incidental to land transportation,,"Management of motorways and roads of the 1st class including components and facilities of these communications|guarantees maintenance and repairs of motorways and roads of the 1st class, including components and facilities of these roads|guarantees groundwork for determination of conceptions in the field of roads and motorways |and other works 
 "
"Správa železniční dopravní cesty, státní organizace",Government organization,5221 - Service activities incidental to land transportation,,Management of the Czech railway network. 
DIRECCION GENERAL DE CARRETERAS,Government organization,Not found ,,"Management, planing etc of the Spanish roads."
Nemzeti Infrastruktúra Fejlesztő Zrt.,Company,4211 - Construction of roads and motorways,Ministry of Economy & Transport
Budapest Főváros Ökormányzata,Not found,Not found
Eyde study projects construction concessions Peloponnese
NATIONAL ROAD FUND INFRASTRUCTURE,Government organization,,Ministry of regional developement and public works,,,Агенция „Пътна инфраструктура”
DB Netz AG,Company,4900-VL - Industrial companies,German finance ministry through Deutsche Bahn AG
Metro Inc.
Ministry of the Environment - Eyde/Mede ,Government Organisation,,,,,Greece
National Railway Infrastructure Company - Bulgaria,Government Organisation
Maanteeamet,Government Organisation,,,,,Estonian Road Administration
Wasserstraßen-Neubauamt Berlin,Government Organisation,Not found - Organization responsible for maintaining and planning waterways in Berlin-Brandenburg region.
Sächsisches Staatsministerium für Wirtschaft und Arbeit,Government Organisation,Not found 
AGUAS DE LA CUENCA DEL GUADALQUIVIR (MARM),Company,4291 - Construction of water projects  ,Ministry of Economy (Spain),,,Waters of the Guadalquivir basin
Egnatia Odos SA.,Company,7112 - Engineering activities and related technical consultancy,Egnatia Odos AE (Greece)
"Ministerium für Verkehr, Bau und Landesentwicklung Mecklenburg-Vorpommern ",Government Organisation,8411 - General public administration activities
SC Compania de Utilităţi Publice SA Focşani ,Company
Monada Organosis Kai Diaheirisis,Not found,Not found 
Województwo Łódzkie,Government Organisation,8411 - General public administration activities,,,,Łódź Voivodeship
RÄ«gas brÄ«vostas pčrvalde = CHECK SPELLING
Érd és Térsége Szennyví zelvezetési- és Szennyví ztisztí tási Ökormányzati Társulás,CHECK ,Not found
Monada Organosis Kai Diaheirisis,Not found,Not found
Szeged Megyei Jogú Város Önkormányzata,Company
Mestna občina Ljubljana,Government Organisation,8411 - General public administration activities,,,,Municipality of Ljubljana
C.H. DEL GUADALQUIVIR (MARM),Government Organisation,8411 - General public administration activities  ,"Ministry of Natural Environment, Rural and Marine Environment (Spain) "
NodarbinčtÄ«bas valsts aÄ£entł«ra == CHECK SPELLING
Elektriraudtee AS,Government owned  Company,"4910 - Passenger rail transport, interurban",Ministry of Economic Affairs and Communication (Estonia)
Mecsek Dráva Regionális Szilárdhulladék Kezelő Rendszer Létrehozását Célzó Önkormányzati Társulás,Not found,Not found
Agency for Exploration and maintenance of Danube River,Not found,Not found
"Ministerium für Wirtschaft, Arbeit und Verkehr des Landes Niedersachsen ",Government Organisation,Not found
DIRECCION GENERAL DEL SPEE ,Government Organisation,Not found
Municipality Gabrovo,Government Organisation,8411 - General public administration activities
Sillamäe-Veevärk AS,Company,3700 - Sewerage,SILLAMÄE LINN (Check - I think it means Municipality of Sillamae)
Győr Nagytérségi Hulladékgazdálkodási Önkormányzati Társulás ,Not found,Not found
 Somogy Megyei Önkormányzat Kaposi Mór Oktató Kórháza,Not found,Not found
Szabolcs-Szatmár Bereg Megyei Önkormányzat ,Not found,Not found
Nagykanizsai Regionális Szennyvíztársulás,Government Organisation - check,Not found - National waste water association of Nagykanizsa Agglomeration
Győr-Moson-Sopron Megye Önkormányzatának Gyermekvédelmi Központja ,Not found,Not found
Warmińsko-Mazurska Filharmonia im. Feliksa Nowowiejskiego w Olsztynie ,Company - check,Not found - philharmonic hall of city of Olsztyn (Poland)
" MINISTERSTVO ŠKOLSTVÍ, MLÁDEŽE A TĚLOVÝCHOVY ",Government Organisation,"Not found - Ministry of Education, Youth and Sport of Czech Republic"
Welsh Assembly Government -Heritage ,Government Organisation - check,Not found
Laekvere Vallavalitsus,Not found,Not found
Regeneration Investment Fund for Wales LLP,Company,Code not available - Mutual and pension fund/Nominee/Trust/Trustee
AS EVR Infra,Company,5221 - Service activities incidental to land transportation
Felső-Tisza-vidéki Környezetvédelmi és Vízügyi Igazgatóság ,Company,Code not available 
Unity Trade Union,Not found
Rakvere Linnavalitsus,Not found,Not found
AS Narva Vesi,Company,3700 - Sewerage
High Performance Computing Wales ,Company,Not found
Osaühing JÄRVE BIOPUHASTUS,Company,3700 - Sewerage
Operator Gazociągów Przesyłowych GAZ-SYSTEM SPÓŁKA AKCYJNA,Company,4950 - Transport via pipeline
Järva-Jaani Teenus OÜ,Company,3700 - Sewerage
AGÊNCIA PARA O INVESTIMENTO E COMÉRCIO EX- TERNO DE PORTUGAL E P E
Morska Służba Poszukiwania i Ratownictwa
Ettevõtluse Arendamise Sihtasutus
"City & County of Swansea Joint Sponsorship � City & County Swansea (lead), Neath Port Talbot CBC, Carmarthenshir e CBC, Pembrokeshire CBC, Bridgend CC & Ceredigion CC ",Government Organisation
JUNTA DE ANDALUCIA,Government Organisation,8411 - General public administration activities  ,Government of Spain
RFI spa,Check,432101 - Installazione di impianti elettrici in edifici o in altre opere di costruzione (inclusa manutenzione e riparazione)
Aguas de las Cuencas Mediterraneas,Government Organisation,"3600 - Water collection, treatment and supply  ",,Construction and civil engineering. 
Dars
Fiat Powertrain Technologies Poland Spółka z ograniczoną odpowiedzialnością,Company,2910 - Manufacture of motor vehicles,Fiat
Fiat Powertrain Technologies,Company,2910 - Manufacture of motor vehicles,Fiat
Krajowy Fundusz Kapitałowy S.A.,Government Organisation,"6619 - Other activities auxiliary to financial services, except insurance and pension funding"
IBM Global Services Delivery Centre Polska Sp. z o.o.,Company,1820 - Reproduction of recorded media,IBM
"HIDROGUADIANA, S.A.",Government Organisation,"3600 - Water collection, treatment and supply  "
Compania de Someş S.A.,Check,"3600 - Water collection, treatment and supply"
Sądeckie Wodociągi Sp. z o.o.,Government Organisation,"3600 - Water collection, treatment and supply"
SC Apa Serv SA Alexandria,Government Organisation,"3600 - Water collection, treatment and supply"
S.C. Compania de apă Brasov,Not found,category not found
Główny Instytut Górnictwa,Not found,category not found
Zakład Utylizacyjny Sp. z o.o.,Government Organisation,3811 - Collection of non-hazardous waste
AGUAS DEL DUERO (MARM),Government Organisation,7112 - Engineering activities and related technical consultancy  ,Government / Ministerio de la hacienda,Construction of hydraulic works and civil engineering. 
Gmina Miejska Kraków,Government Organisation,Not found
S.C. Compania de Someş S.A.,Not found,Not found
C.H. DEL GUADALQUIVIR ,Not found,Not found
Shaw Trust,Charity,8532 - Social work activities without accommodation,Shaw Trust
Politechnika Gdańska,University,8542 - Tertiary education
Sadeckie Wodociagi Sp. z o.o.,Government Organisation,"3600 - Water collection, treatment and supply"
Centralna Komisja Egzaminacyjna,Not found,Not found
AGUAS DE LAS CUENCAS MEDITERRANEAS(ACUAMED),Government Organisation,4291 - Construction of water projects  ,,"Construction and civil engineering. 
 "
"Akcinė bendrovė ""Lietuvos geležinkeliai""",Not found,Not found
Reed in Partnership,Company,7450 - Labour recruitment and provision of personnel,Reed in Partnership,,Welfare to work
ADMINISTRADOR DE INFRAESTRUCTURAS FERROVIARIAS(ADIF),Check,4211 - Construction of roads and motorways  ,,Traffic management and rail infrastructure 
"Správa železni?ní dopravní cesty, státní organizace",Check,Check
Bank Gospodarstwa Krajowego,Government Organisation,6111 - Federal and federally-sponsored credit agencies
Sociedad Estatal de Infraestructura de Transporte Terrestre (SEITT),not found - check,not found - check
Budapest Főváros Önkormányzata,Check,"6311 - Data processing, hosting and related activities"
Politechnika Warszawska,University,Check
Uniwersytet Warszawski,University,Check
Lietuvos automobilių kelių direkcija prie Susisiekimo ministerijos,Government Organisation - Check,Check
Wrocławskie Centrum Badań EIT+ Sp. z o.o.,University/Government check,7211 - Research and experimental development on biotechnology,Check if subsidiary of other polish
Ministerstwo Spraw Wewnętrznych i Administracji,Government Organisation - Check,Check
Vízügyi és Környezetvédelmi Központi Igazgatóság,Not found,Not found
Krajowy Fundusz Kapitałowy S.A.,Government Organisation,"6619 - Other activities auxiliary to financial services, except insurance and pension funding",,Mutual and pension fund/Nominee/Trust/Trustee
Centrum Systemów Informacyjnych Ochrony Zdrowia,Government Organisation,"Unit, created by the polish Ministry of health. Created to help building information network, especially connected to databases with health information of citizens."
Polska Agencja Rozwoju Przedsiębiorczości,Government Organisation,Check
35919001 - NDS a.s.,Check,5221 - Service activities incidental to land transportation
Związek Międzygminny ds. Ekologii w Żywcu,Government Organisation - Check,Check
JUNTA DE CASTILLA Y LEON,Government Organisation,8411 - General public administration activities
XUNTA DE GALICIA,Government Organisation,8411 - General public administration activities  
Ministerstwo Finansów,Government Organisation,8410 - Administration of the State and the economic and social policy of the community
Centrum Rozwoju Zasobów Ludzkich,Government Organisation,"8559 - Other education nec; Unit, created by the polish Ministry of work and social matters, created to serve as an intermediary in execution of EU projects."
GENERALITAT DE CATALUNYA,Government Organisation,8411 - General public administration activities
JUNTA DE EXTREMADURA,Government Organisation,8411 - General public administration activities  ,,Public authority/State/Government
PRINCIPADO DE ASTURIAS,Government Organisation,8411 - General public administration activities
Samorząd Województwa Pomorskiego,Government Organisation,8411 - General public administration activities
Europejski Bank Inwestycyjny,European Investment Bank
REGION REUNION,Government Organisation
Ministerstvo práce a sociálních věcí,Government Organisation,8411 - General public administration activities
30794536 - UPSVaR - 101073,Government Organisation - Check,not found,Ustredie Prace Socialnych Veci a Rodiny - Confirm
"AGUAS DE LA CUENCA DEL NORTE, S.A",Government Organisation,"3600 - Water collection, treatment and supply  "
ÚPSVR,Government Organisation - Check,Not found,Ustredie Prace Socialnych Veci a Rodiny - Confirm
Uniwersytet im. Adama Mickiewicza,University
Województwo Małopolskie,Government Organisation,8411 - General public administration activities
Ingeus,Company,7450 - Labour recruitment and provision of personnel,,,Welfare to work
Miasto Stołeczne Warszawa,Government Organisation,8411 - General public administration activities,Government - City of Warsaw
Regione Dipartimento 3: Progr. Nazionale e Comunitaria,Government Organisation
Uniwersytet Jagielloński,University,8541 - Post-secondary non-tertiary education,,"	
Services: higher education; 	"
Warszawski Uniwersytet Medyczny,University
Working Links,Company/partly Government owned,7450 - Labour recruitment and provision of personnel,Working Links
AEROPUERTOS ESPAÑOLES Y NAVEGACIÓN AÉREA (MF),Check,5223 - Service activities incidental to air transportation  ,Check
DARS d.d.,Not found,Motorways - no code
AUTORIDAD PORTUARIA DE ALGECIRAS,Government Organisation, 5222 - Service activities incidental to water transportation  
"Instituto do Emprego e Formação Profissional, I. P.",Not found,Not found
Instytut Badań Edukacyjnych w Warszawie,Government Organisation,7220 - Research and experimental development on social sciences and humanities
Zakład Inżynierii Miejskiej Spółka z ograniczoną odpowiedzialnością,Company,"3600 - Water collection, treatment and supply"
Politechnika Rzeszowska im. Ignacego Łukasiewicza,University (Check),8541 - Post-secondary non-tertiary education
Miasto Łódź,Government Organisation,8411 - General public administration activities
DIRECCIÓN GENERAL DEL AGUA (MARM),Government Organisation (check),Not found
"Českomoravská záruční a rozvojová banka, a.s.",Government Organisation,6021 - National commercial banks,,Commercial bank 
AGENCIA DE INNOVACION Y DESARROLLO DE ANDALUCIA (IDEA),Private equity firm,"6499 - Other financial service activities, except insurance and pension funding n.e.c.  ",Junta de Analucia
CONFEDERACION HIDROGRAFICA DEL CANTÁBRICO (MARM) ,Government Organisation ,8411 - General public administration activities  
Ministerstwo Sprawiedliwości,Government Organisation ,8411 - General public administration activities
Województwo Dolnośląskie,Government Organisation,8411 - General public administration activities
31364501 - ŽSR,Government Organisation, 5221 - Service activities incidental to land transportation,,"Management and operation of railway infrastructure, provision of operation-related services "
"Szociális és Munkaügyi Minisztérium, Munkaerőpiaci Alap",Government Organisation ,Not found,,Ministry of Social Affairs and Labour
Główny Geodeta Kraju,Government Organisation ,Not found
Miasto Białystok,Government Organisation,8411 - General public administration activities,,Government of Poland
MÁV-Magyar Allamvasutak ZRT.,Company,5221 - Service activities incidental to land transportation,,Government of Hungary
Przedsiębiorstwo Wodociągów i Kanalizacji Sp. z o.o.,Government Organisation,"3600 - Water collection, treatment and supply",,"Services: collection, purification and distribution of water; "
Europos investicinis fondas,European Investment Fund
Comune di Napoli,Government Organisation,8411 - General public administration activities  
COMUNIDAD AUTONOMA DE LA REGION DE MURCIA,Government Organisation,8411 - General public administration activities  
ANAS spa,Government Organisation,Service activities incidental to land transportation,,Motorways
GOBIERNO DE CANARIAS,Government Organistaion,8411 - General public administration activities  
AUTORIDAD PORTUARIA DE VALENCIA,Government Organisation - Check,5222 - Service activities incidental to water transportation  
Uniwersytet Gdański,University,8541 - Post-secondary non-tertiary education,Government of Poland
Politechnika Łódzka,University,8541 - Post-secondary non-tertiary education,Government of Poland
Fundacja na rzecz Nauki Polskiej,Independent Non-profit organization,9499 - Activities of other membership organisations nec
COMUNIDAD AUTÓNOMA DE CASTILLA-LA MANCHA,Government Organisation,8411 - General public administration activities  
PKP Polskie Linie Kolejowe,Government owned Company,"4910 - Passenger rail transport, interurban",Government of Poland,Services: railway management; 
Compania Naţională de Autostrăzi și Drumuri Naționale din România,Government Organisation, 8413 - Regulation of and contribution to more efficient operation of businesses
Gmina Miejska Kielce,Government Organisation,8411 - General public administration activities  
Latvijas Republikas Satiksmes ministrija,Government Organisation (check),,,,,Ministry of Transport
Conseil Régional Rhône-Alpes,Government Organisation
Samorząd Województwa Kujawsko-Pomorskiego,Government Organisation,Not found
Győr-Sopron-Ebenfurti Vasút Zártkörűen Működő Részvénytársaság,Public-Private Organisation,"4910 - Passenger rail transport, interurban"
Województwo Podlaskie,Government Organisation,Not found
Politechnika Świętokrzyska w Kielcach,University,8541 - Post-secondary non-tertiary education
Związek Międzygminny,Not found,Not found
Uniwersytet Śląski w Katowicach,University,8541 - Post-secondary non-tertiary education
Uniwersytet Łódzki,University,8541 - Post-secondary non-tertiary education
S.C. Compania de apă Brasov,Not found,Not found
Direcção-Geral do Ensino Superior,Government Organisation,Education - Confirm
Województwo Śląskie,Government Organisation,Not found
Zakład Ubezpieczeń Społecznych,Government Organisation,Governemnt fund for social insurance
"Ministerstvo školství, mládeže a tělovýchovy",Government Organisation ,Education - Schools Youth and Sport
Miskolc Megyei Jogú Város Önkormányzata,Not found
Województwo Wielkopolskie,Government Organisation,8541 - Post-secondary non-tertiary education
ENTIDAD PUBLICA EMPRESARIAL RED.ES (MITC),Check,	7120 - Technical testing and analysis  ,," 	

La gesti+n, administraci+n y disposici+n de los bienes y derechos que integran su patrimonio, actuando conforme a criterios empresariales. 
 "
Conseil Régional de Haute-Normandie,Government Organisation
Pasažieru vilciens,Confirm," 4910 - Passenger rail transport, interurban"
Investitionsbank Sachsen-Anhalt,Confirm,	6111 - Federal and federally-sponsored credit agencies
Politechnika Wrocławska,University,8541 - Post-secondary non-tertiary education
"UŽDAROJI AKCINĖ BENDROVĖ ""INVESTICIJŲ IR VERSLO GARANTIJOS""",Company (confirm),	9609 - Other personal service activities nec,,Financial company
Lietuvos darbo birža prie Socialinės apsaugos ir darbo ministerijos,Government Organisation - Confirm
Regione Siciliana,Government Organisation
Gmina Wrocław,Government Organisation,8411 - General public administration activities
Politechnika Poznańska,University,8541 - Post-secondary non-tertiary education
MINISTERSTVO VNITRA,Government Organisation
Minister właściwy do spraw zdrowia - Departament Pielęgniarek i Położnych,Government Organisation ,Health - get code
Compania Naţională de Autostrăzi şi Drumuri Naţionale din România,Government Organisation,8413 - Regulation of and contribution to more efficient operation of businesses,"MINISTERUL TRANSPORTURILOR, CONSTRUCTIILOR SI TURISMULUI"
Instytut Problemów Jądrowych im. A. Sołtana,Company owned by Government, 	7219 - Other research and experimental development on natural sciences and engineering,GOVERNMENT OF POLAND
RAS
Centrum Medyczne Kształcenia Podyplomowego w Warszawie,Company - education,8542 - Tertiary education
GENERALITAT DE LA COMUNITAT VALENCIANA,Not found
Vilniaus universitetas,University
Europos investicijų bankas,European Investment bank
Conseil Régional Nord Pas de Calais,Government Organisation
Dipartimento della P.S. - Direzione Centrale per i Servizi Tecnico Logistici e della Gestione Patrimoniale - Ufficio UTAM,Not found
Centralna Komisja Egzaminacyjna,Government Organisation,Central board of examination (under control of Ministry of Education)
Satiksmes ministrija,Government Organisation
"Department for Children, Education, Lifelong Learning and Skills � Welsh Assembly Government",Government Organisation
INSTITUTO DE CREDITO OFICIAL (ICO),Government owned company,	6111 - Federal and federally-sponsored credit agencies,MINISTERIO DE ECONOMIA Y HACIENDA
Gmina Miasto Piotrków Trybunalski,Government Organisation,8411 - General public administration activities
Instytut Metali Nieżelaznych,Government owned company,	7211 - Research and experimental development on biotechnology,Government Of Poland,"Services: research and development works in the area of metallurgy and non-ferrous metals, waste utilization; 
 "
Vyso?ina
Slovenski podjetniški sklad,Government Organisation,Central public financial institution of the Republic of Slovenia financing for micro and SME in Slovenia.
Przedsiębiorstwo Gospodarki Komunalnej Sp. z o.o.,Government Organisation,3700 - Sewerage
Szociális és Munkaügyi Minisztérium,Government Organisation
COMUNIDAD AUTONOMA DE MADRID,Government Organisation
ŘEDITELSTV? VODN?CH CEST ČESKÉ REPUBLIKY
Politechnika Śląska,University
Uniwersytet Rzeszowski w Rzeszowie,University
RUP-Mº Interior,Not found
Moravskoslezský kraj,Government Organisation , 	8411 - General public administration activities
Ústecký kraj,Government Organisation,8411 - General public administration activities
REGIONE LAZIO,Government Organisation
Przedsiębiorstwo Wodociągów i Kanalizacji Żory Sp. z o.o.,Government Organisation/Company Owned by Government,3700 - Sewerage
Szeged Megyei Jogú Város Önkormányzata,Not found,Not found
TNG Ltd,Check?, 8021 - General secondary education,TNG Ltd
Regione Campania,Government Organisation
Polska Organizacja Turystyczna,Private Company - Check,  7912 - Tour operator activities
GENERALITAT DE CATALUNYA (CORPORACIONES LOCALES),Government Organisation,,Government of Catalonia
Miejski Zakład Gospodarki Komunalnej Sp. z o.o.,Government Organisation/Company Owned by Government,3530 - Steam and air conditioning supply,,"Services: collection, purification and distribution of water; "
Gmina Miasta Gdyni - Gdyńskie Centrum Innowacji Jednostka Budżetowa,Government Organisation (check),Not found
FEI
CONSEJO SUPERIOR DE INVESTIGACIONES CIENTIFICAS,Check  ,Check
Nodarbinātības valsts aģentūra ,Government Organisation,,,,Employment,State Employment Agency
Komenda Główna Ochotniczych Hufców Pracy,Not found,,,,,Headquarters Voluntary Labour Corps
Miasto Bielsko-Biała,Government Organisation
"Mestna ob?ina Ljubljana (Ob?ine: Brezovica, Dobrova-Polhov Gradec, Dol pri Ljubljani, Horjul, Ig, Kamnik, Komenda, Medvode, Škofljica, Velike Laš?e, Vodice, Domžale, Mengeš, Trzin, Lukovica in Morav?e)",Government Organisation
CONSEIL REGIONAL DE LA GUADELOUPE,Government Organisation
"Akcinė bendrovė ""Lietuvos geležinkeliai""",Government owned company - confirm," 	4910 - Passenger rail transport, interurban"
Fundação para a Ciência e a Tecnologia,Not found
AUTORIDAD PORTUARIA DE LAS PALMAS,Government Organisation - Confirm, 5222 - Service activities incidental to water transportation  - confirm
"AGUAS DE LA CUENCA DEL TAJO, S.A.",Government Organisation/Company Owned by Government,"3600 - Water collection, treatment and supply  ",,,Owned by minsitry of finance
REGION DES PAYS DE LA LOIRE,Government Organisation 
Gmina Miasto Szczecin,Government Organisation
Wodociągi i Kanalizacja Krzeszowice Sp z o.o.,Government Organisation/Company Owned by Government,"3600 - Water collection, treatment and supply"
Northwest Regional Development Agency,Not found,Not found
Uniwersytet Medyczny w Lublinie,University
Centralny Zarząd Służby Więziennej,Government Organisation (confirm - not found),The Central Board of Prison Service
CONSEIL REGIONAL D'AQUITAINE,Government Organisation
Univerzita Palackého v Olomouci,University
Uniwersytet w Białymstoku,University
Instytut Fizyki Jądrowej im. H.Niewodniczańskiego Polskiej Akademii Nauk,Not found,	7219 - Other research and experimental development on natural sciences and engineering
Foglalkoztatási és Szociális Hivatal,Not found
Krediidi ja Ekspordi Garanteerimise Sihtasutus KredEx,Not found,Not found
Województwo ?ódzkie
Uniwersytet Marii Curie-Skłodowskiej,University  
Katolicki Uniwersytet Lubelski Jana Pawła II,University 
Department for the Economy &Transport - Welsh Assembly,Government Organisation
35914939 - ZSSK a.s.,Check,"4910 - Passenger rail transport, interurban"
Województwo Zachodniopomorskie,Government Organisation
Województwo Opolskie,Government Organisation
SC Compania de Utilităţi Publice SA Focşani,Not found,Not found
Minister Nauki i Szkolnictwa Wyższego,Government Organisation
Szegedi Tudományegyetem,Confirm
S.C. Aquaserv Tulcea S.A.,Company - Confirm,"3600 - Water collection, treatment and supply"
Zavod RS za zaposlovanje,Not found
DEPARTEMENT DE LA REUNION,Government Organisation
Department of the Economy & Transport � Welsh Assembly Government,Government Organisation
Skills Training UK Ltd,Company - Confirm,8042 - Adult and other education not elsewhere classified,,,Training
Compania Naţională Administraţia Porturilor Maritime S.A. Constanţa,Government Organisation/Company Owned by Government,5222 - Service activities incidental to water transportation,Statul Roman
Instytut Fizyki Polskiej Akademii Nauk,University
European Investment Fund,European Investment Fund
Debreceni Egyetem,University - confirm
MINISTERSTVO PRO MÍSTNÍ ROZVOJ,Government Organisation - Confirm
AYUNTAMIENTO DE MADRID,Government Organisation,8411 - General public administration activities  
FUP/Fonds Paritaire de Sécurisation des Parcours Professionnels,Not found
Pomorska Akademia Medyczna w Szczecinie,University,8542 - Tertiary education
Politechnika Lubelska,University
Instytut Technologii Elektronowej,Research,	7211 - Research and experimental development on biotechnology,Government of Poland,Services: research and development works on semiconductors; 
SBA Meißen - Dresden,Government Organisation - Confirm
Wojskowa Akademia Techniczna im. Jarosława Dąbrowskiego,University,8542 - Tertiary education,Government of Poland
"	""AQUA"" SPÓŁKA AKCYJNA 	",Government owned company,"3600 - Water collection, treatment and supply",MINA DISTRICT OF BIELSKO-BIALA,"Services: water supply, sewage collection; "
Pénzügyminisztérium Informatikai Szolgáltató Központ,Government Organisation,IT-confirm
Akademia Górniczo - Hutnicza im. Stanisława Staszica w Krakowie,University,8542 - Tertiary education
Středo?eský kraj
REGION DE MIDI PYRENEES,Government Organisation
Uniwersytet Przyrodniczy w Poznaniu,University
VDAB
Conseil Régional Provence Alpes Côtes- d'Azur,Government Organisation
Rīgas brīvostas pārvalde,Not found,,,,,Freeport of Riga Authority
CONSEIL REGIONAL,Government Organisation
Tápiómenti Területfejlesztési Társulás,Not found
S.C. Ecoaqua S.A. Călăraşi,Dissolved company - Parent still active,Not found - Water
"Správa a údržba silnic Jihomoravského kraje, příspěvková organizace kraje",Government Organisation - need name
Polska Agencja Informacji i Inwestycji Zagranicznych S.A.,Government owned company,6391 - News agency activities,Government of Poland
SIA „Latvijas Garantiju aģentūra”,Company Or Governemnt?," 	6499 - Other financial service activities, except insurance and pension funding nec"
Instytut Fizjologii i Patologii Słuchu,Not found
Gmina Tarnowskie Góry,Government Organisation - Confirm
Władza Wdrażająca Programy Europejskie (WWPE),Government Organisation - Confirm,Not found
Pécs Megyei Jogú Város Önkormányzata,Government Organisation - Confirm
Autorita' portuale di Salerno,Government Organisation - Confirm
Fiat Powertrain Technologies,Company, 	2910 - Manufacture of motor vehicles,Fiat
Remploy,Company,Training - confirm code entered is 1822 - Manufacture of other outerwear,Remploy,"Training and employment for registered severely disable persons under special conditions. 
 "
Toruńskie Wodociągi Sp. z o.o.,Government owned company,"3600 - Water collection, treatment and supply",MIASTO / TOWN OF TORUN,"Services: collection, purification and distribution of water; "
Politechnika Białostocka,University
Uniwersytet Rzeszowski,University
North East Finance (Holdco),Company,	6712 - Security broking and fund management
Miasto Jastrzębie Zdrój,Government Organisation - Confirm
Uniwersytet Przyrodniczy w Lublinie,University
Érd és Térsége Szennyvízelvezetési- és Szennyvíztisztítási Önkormányzati Társulás,Need name,Wastewater
Uniwersytet Medyczny w Białymstoku,University
Wodociągi Białostockie Sp. z o.o.,Government Organisation,"3600 - Water collection, treatment and supply"
D.G. de Sostenibilidad de la Costa y el Mar (MARM),Government Organisation,Not found,,,,Directorate General for Sustainability of Costal and Sea region (environment)
AWM,confirm - government organisation?,,,Advantage West Midlands is the regional development agency (RDA) for the West Midlands. 
SBA Plauen,Government Organisation - Confirm,Not Found
Mazowiecka Jednostka Wdrażania Programów Unijnych,Government Organisation - what comes under this,Not found,,,,Masovian Unit for Implementation of European Projects
Conseil régional d'Île-de-France,Government Organisation
Główny Urząd Statystyczny,Government Organisation,Statistics
Wrocławski Park Technologiczny S.A.,Not Found, 6820 - Renting and operating of own or leased real estate
Politechnika Koszalińska,University
Gmina Miasto Elbląg,Government Organisation
AYUNTAMIENTO DE BARCELONA,Government Organisation,	8411 - General public administration activities  
SC AQUABIS SA Bistriţa,Not Found - Government organisation,"3600 - Water collection, treatment and supply"
S.C. Aparegio Gorj S.A. Târgu- Jiu,Not found -   company?,Not found  = Water
Pécsi Tudományegyetem,Not found - nonprofit?,  7219 - Other research and experimental development on natural sciences and engineering
S.C. Apa Târnavei Mari S.A.,Not found  - Company?,Not found
Pomorska Specjalna Strefa Ekonomiczna sp. z o.o.,Not clear - public private partnership?,  4110 - Development of building projects
Instytut Farmakologii Polskiej Akademii Nauk,University? Company?, 	7211 - Research and experimental development on biotechnology
Instytut Biotechnologii i Antybiotyków,Government owned Company,7211 - Research and experimental development on biotechnology,Government of Poland,"	

Services: pharmaceutical technologies; 
 "
"Department for Children, Education, Lifelong Learning and Skills � Welsh Assembly Government",Government Organisation
Uniwersytet Medyczny w Łodzi,University
HLAVNÍ MĚSTO PRAHA ,Government Organisation,8411 - General public administration activities,,,,CITY OF PRAGUE
Scottish Enterprise,Company- confirm,Confirm
"VAS ""Latvijas dzelzceļš""",Check ownership,5221 - Service activities incidental to land transportation,,Passenger and cargo transport by rail-way. warehouses and storage sites
CORNWALL COUNCIL,Government Organisation
Association nationale pour la formation professionnelle des adultes,Confirm   
Zakład Wodociągów i Kanalizacji Sp. z o.o.,Check - Company owned by government,"3600 - Water collection, treatment and supply"
PARDUBICK? KRAJ
Urząd Morski w Słupsku,Not found
Ettevõtluse Arendamise Sihtasutus,Not found,Not found
Conseil Régional de Bretagne,Government Organisation
Vysoké učení technické v Brně ,University,      8542 - Tertiary education
Latvijas Universit?te,University
Ministerstwo Nauki i Szkolnictwa,Government organisation,Ministry of Education of Republic of Poland
"Ministerstwo Rozwoju Regionalnego, Departament Informacji, Promocji i Szkoleń, jednostka odpowiedzialna za promocję i informację NSRO/PWW",Government Organisation
Jiho?eský kraj,Government organisation - Check
IBM Global Services Delivery Centre Polska Sp. z o.o.,Company,1820 - Reproduction of recorded media
Daugavpils pilsētas dome,Government Organisation
S.C. Compania de Apă Olt,Not found
Jagiellońskie Centrum Innowacji spółka z ograniczoną odpowiedzialnością,Not found, 7022 - Business and other management consultancy activities
European Investment Bank,European Investment Bank
MINISTERSTVO ZDRAVOTNICTVÍ,Government Organisation ,Health
Conseil Régional du Centre,Government Organisation 
Békéscsaba Megyei Jogú Város Önkormányzata,Government Organisation ,,,,,Békéscsaba Municipality
LR Satiksmes ministrija,Government Organisation ,Transport
Lavoro e Sviluppo,Government Organisation 
Mecsek Dráva Regionális Szilárdhulladék Kezelő Rendszer Létrehozását Célzó Önkormányzati Társulás,Government Organisation ,Mecsek Drava Regional Solid Waste Management System for the creation of Local Government Association
S.C. Compania de Apă Arieş S.A.,Company Confirm,"3600 - Water collection, treatment and supply"
Conseil Régional de Picardie,Government Organisation 
Finance Wales,Government owned company?,7487 - Other business activities not elsewhere classified = Finance
Główny Inspektorat Ochrony Środowiska,Government Organisation - Confirm,,,,,Chief Inspectorate for Environmental Protection
Instytut Technologii Eksploatacji - Państwowy Instytut Badawczy (ITeE - PIB),Government Organisation - Confirm,7219 - Other research and experimental development on natural sciences and engineering,,,,Institute for Sustainable Technologies - National Research Institute (ITeE - PIB)
SBA Chemnitz,Government Organisation - Confirm
Vilniaus miesto savivaldybės administracija,Government Organisation,,,,,Vilnius City Municipality
Województwo Lubuskie,Government Organisation
Akademickie Centrum Komputerowe CYFRONET AGH,Company - Confirm,7230 - Data processing
00151866 - MV SR,Government Organisation - Confirm,,,,,"Ministry of the Interior, Slovakia"
Instytut Chemii Bioorganicznej Polskiej Akademii Nauk - Poznańskie Centrum Superkomputerowo-Sieciowe,Government Organisation - Confirm,7219 - Other research and experimental development on natural sciences and engineering,Government of Poland through Polish Academy of Science,,, Poznańskie Centrum Superkomputerowo-Sieciowe Poznan Supercomputing and Networking Center 
Seetec,Company,	8021 - General secondary education
30807506 - ŠPÚ,Government Organisation - Confirm,,,,,"National institute for Education, Slovakia"
"""JYSK"" Spółka z ograniczoną odpowiedzialnością",Company - confirm -  multiple JYSK," 	4759 - Retail sale of furniture, lighting equipment and other household articles in specialised stores  = confirm",,,,"JYSK"" Limited Liability Company"
Uniwersytet Przyrodniczy we Wrocławiu,University
0000 - EIF,European Investment Fund?
Województwo Podkarpackie,Company - confirm,Not found
Gmina Miasto Częstochowa,Government Organisation
Fraunhofer-Gesellschafte.V.,Confirm?,"	M72100 - Forschung und Entwicklung im Bereich Natur-, Ingenieur-, Agrarwissenschaften und Medizin"
00164348 - MPC BA,COMPANY - CONFIRM
"Szociális és Munkaügyi Minisztérium, mint a Munkaerőpiaci Alap kezelője",Government Organisation,,,,,"Ministry of Labour and Social Affairs, as the Labour Fund Manager"
Instytut Chemii Bioorganicznej PAN- Poznańskie Centrum Superkomputerowo-Sieciowe,Company?,7219 - Other research and experimental development on natural sciences and engineering,,Services: research and development works; ,,Institute of Bioorganic Chemistry PAN Poznan Supercomputing and Networking Center
Uniwersytet Mikołaja Kopernika w Toruniu,University
Valsts akciju sabiedrība „Latvijas Hipotēku un zemes banka?,Government owned company? State Bank?,,,,,"State JSC ""Latvian Mortgage and Land Bank"
"Minister Gospodarki, Departament Instrumentów Wsparcia",Goverment Organisation
Conseil Régional de Basse-Normandie,Goverment Organisation
Miasto Bytom,Goverment Organisation
Polietchnika Śląska,University
Training Programm...
Yorkshire Forward,Confirm - Company?
FOREM,Check,Walloon public service employment and training.,,,,Walloon public service employment and training. - confirm
Lietuvos Respublikos susisiekimo ministerija,Government Organisation,,,,,Lithuanian Ministry of Transport and Communications
Põhja-Eesti Regionaalhaigla SA,Company (confirm),,,,,North Estonian Regional Hospital Foundation
Ministerstwo Pracy i Polityki Społecznej,Government Organisation,,,,,inistry of Labour and Social Policy
PARQUES NACIONALES (MARM),Government Organisation (check)
Akademia Górniczo Hutnicza im. Stanisława Staszica,University, 	8542 - Tertiary education,,"	

Services: education; "
Magyar Közút Nonprofit Zrt.,Confirm, 	0210 - Silviculture and other forestry activities ? but re: road vignettes
Conseil régional de Lorraine,Government Organisation
SC Apa Service SA,Company ?,Not found
SRES - Secretaria Regional do Equipamento Social,Government Organisation - confirm
"Punta Umbría Turística, S.A.",Company,5510 - Hotels and similar accommodation  , GONZALEZ QUINTERO ALFREDO,La explotacion hostelera y de restauracion. 
Izglītības un zinātnes ministrija ,Government Organisation,Education,,,,Ministry of Education
ATM S.A.,Company,"7379 - Computer related services, not elsewhere classified",," 	

The company's activities comprise the designing and integration of complex computer systems and data transmission networks. it has evolved from przedsiebiorstwo produkcyjne atm (atm production enterprise) - a polish company known for many years in the field of aviation electronics. the headquarters of the company is in warsaw, and its subsidiaries are in gdansk, katowice, krakow and wroclaw. ("
Małopolskie Centrum Przedsiębiorczości,Government Organisation
Conseil Régional de Guyane,Government Organisation
Debrecen Megyei Jogú Város Önkormányzat,Government Organisation,,,,,Debrecen Municipality
Calder Holdings BV,CHECK
Przemysłowy Instytut Automatyki i Pomiarów PIAP,Government Owned Company,7211 - Research and experimental development on biotechnology,Government of Poland,,,Industrial Institute for Automation and Measurements PIAP
SERVEI D OCUPACIO DE CATALUNYA - SOC,GOvernment organisation ?,,,,,Employment service
Akademia Sztuk Pięknych im. Władysława Strzemińskiego w Łodzi ,University, 	8542 - Tertiary education,State Treasury of  Poland,,,Academy of Fine Arts
Targi Kielce Sp. z o.o.,Company,8230 - Organisation of conventions and trade shows
"Zakład Utylizacji Odpadów Komunalnych ""Stary Las"" Sp. z o.o.",Government owned company - confirm,3821 - Treatment and disposal of non-hazardous waste
Komendant Główny Policji,Government Organisation,Police,,,,"
The Chief Police Commander"
Miasto Opole,Government Organisation
TartuÜlikool,Not found
Miasto Jelenia Góra,Government Organisation
Instytut Gruźlicy i Chorób Płuc w Warszawie,Not found,Health,,,,Institute of Tuberculosis and Lung Diseases in Warsaw
Fondo Centrale di Garanzia,Check, 	Mutual and pension fund/Nominee/Trust/Trustee,,,,Central Insurance Fund
CONSEIL REGIONAL DE LA MARTINIQUE,Government Organisation
Urząd Morski w Gdyni,Government Organisation - confirm,,,,,Maritime Office in Gdynia
Wojewódzki Szpital Specjalistyczny we Wrocławiu,Government Organisation - confirm, 	8610 - Hospital activities,,,,Provincial Specialist Hospital in Wrocław
Conseil Régional de Bourgogne,Government Organisation
"Ministerstwo Rozwoju Regionalnego, Departament Programów Pomocowych i Pomocy Technicznej, Instytucja Zarządzająca POPT",Government Organisation,,,,,"Ministry of Regional Development, Department for Aid Programmes and Technical Assistance, the Managing lasted longer than expected"
Komenda Główna Państwowej Straży Pożarnej,Not found,,,,,"
Headquarters of the State Fire Service"
Eesti Töötukassa,Government Organisation - confirm,Not found - Unemployment Fund,,,,Estonian Unemployment Insurance Fund
Malta Transport Authority,Government Organisation - confirm
Magyar Közút Nonprofit Zártkörűen Működő Részvénytársaság,Government Owned company - Confirm,0210 - Silviculture and other forestry activities
Uniwersytet Śląski,University,	8542 - Tertiary education
Business & Enterprise North East,Not found
Gmina Chrzanów,Government Organisation
Nyíregyháza Megyei Jogú Város Önkormányzata,Government Organisation,,,,,Municipality of Nyíregyháza
Samorząd Województwa Mazowieckiego,Government Organisation
DIPUTACION FORAL DE BIZKAIA
Královéhradecký kraj,Government Organisation
ESZA Társadalmi Szolgáltató Nonprofit Kft.,Government Organisation,9499 - Activities of other membership organisations nec,MINISTRY OF SOCIAL AFFAIRS AND LABOUR - Hungary
Gabinete de Estatística e Planeamento da Educação,Government Organisation
Lubelska Fundacja Rzowoju,Government Organisation
IBG Beteiligungsgesellschaft Sachsen -Anhalt mbH,Confirm,LA75130 - Regulation of and contribution to more efficient operation of business,,"	

Durch beschluß der gesellschafterversammlung vom 11.07.2000 und durch beschluß der gesellschafter-versammlung der beteiligungsgesellschaft des landes sachsen-anhalt mit beschränkter haftung vom selben tage ist die gesellschaft aufgrund des verschmel-zungsvertrages vom 11.07.2000 durch übertragung ihres vermögens als ganzes auf die beteiligungs-gesellschaft des landes sachsen-anhalt mit be-schränkter haftung (hrb 3299) mit dieser nach § 2 nr. 1 umwg verschmolzen."
"Ministerstwo Finansów, Departament Ochrony Interesów Finansowych Unii Europejskiej, Instytucja Audytowa",Government Organisation,,,,,"Ministry of Finance, Department of Financial Interests of the European Union, the Audit"
Regione Dipartimento 5: Attivit� Produttive,Government Organisation
Ventspils brīvostas pārvalde,Not found,,,,,Ventspils Free Port Authority
UNIVERSIDAD DE SEVILLA,University
Urząd Marszałkowski Województwa Wielkopolskiego,Government Organisation - confirm,,,,,Marshal's Office Wielkopolska
Akademia Górniczo-Hutnicza im. Stanisława Staszica w Krakowie,University,	8542 - Tertiary education
SBA Leipzig,Not found
Malta Enterprise,Company? Or Govt owned?
Warmińsko-Mazurska Agencja Rozwoju Regionalnego S.A. w Olsztynie,Government Organisation - confirm,,,,,Warmia and Mazury Regional Development Agency SA in Olsztyn
DIPUTACIÓN GENERAL DE ARAGÓN,Government Organisation,,,,,Government of Aragon
FourstaR E&S (formerly Mentor Employment & Skills),Company , 	7487 - Other business activities not elsewhere classified == Employment
Délégation générale à l'emploi et à la formation professionnelle (DGEFP),Government Organisation - confirm
"UNIVERSIDAD NACIONAL DE EDUCACIÓN A DISTANCIA, UNED",University
Gmina Kłobuck
"Ministerstwo Rozwoju Regionalnego, Biuro Zarządzania Zasobami Ludzkimi",Government Organisation,,,,,"Ministry of Regional Development, Office of Human Resource Management"
Szabolcs-Szatmár-Bereg Megyei Önkormányzat,Government Organisation,,,,,Szabolcs-Szatmár-Bereg County
AUTORIDAD PORTUARIA DE VIGO,Government Organisation - Check, 5222 - Service activities incidental to water transportation  
00151882 - Centrum ved.-tech. infor.SR,Company? Govt Org? confirm
Wojewódzki Szpital Zespolony w Płocku,not found,Health,,,,Regional Hospital in Płock
Gmina Miasta Sopotu,Government Organisation
Conseil Régional d'Alsace,Government Organisation
Krakowski Szpital Specjalistyczny im. Jana Pawła II w Krakowie,Company - Confirm,8610 - Hospital activities,,,,Cracow Specialist Hospital. John Paul II in Krakow
Ministerstwo Edukacji Narodowej,Government Organisation,Education
Olomoucký kraj,Government Organisation,8411 - General public administration activities,,,,Olomouc Region
Miasto Suwałki,Government Organisation
Akademia Sztuk Pięknych we Wrocławiu,University,  	8542 - Tertiary education
Sihtasutus Archimedes,not found
Wyższa Szkoła Policji w Szczytnie,Company?? - Confirm,  	8542 - Tertiary education,,,,Higher Police School in Szczytno
Gmina Miasta Tarnowa,Government Organisation
Kancelaria Prezesa Rady Ministrów - Departament Służby Cywil,Government Organisation,Civil service
Instytut Chemicznej Przeróbki Węgla,Government owned company, 	7219 - Other research and experimental development on natural sciences and engineering,,"Services: research works on solid fuels, coal processing; 
 "
Dyrektor Urzędu Morskiego w Szczecinie,Government Organisation?- Not found - ,,,,,Director of Maritime Office in Szczecin
Direcção Regional da Educação,Government Organisation,Education
Réseau Ferré de France,Government Organisation,4010 - Railroads,,"The company is a player in the railway sector. owner and manager of the french railway network since 1997, the company has placed performance at the heart of its strategies, its structure and its service offering. their goal is to respond as best we can to the realities and problems of the railway sector. "
Miasto Gorzów Wielkopolski,Government Organisation
Instytut Oceanologii Polskiej Akademii Nauk,University - confirm,,,,,"Institute of Oceanology, Polish Academy of Sciences"
Uniwersytet Technologiczno - Przyrodniczy im. Jana i Jędrzeja Śniadeckich w Bydgoszczy,University
31751067 - MVRR SR,Government Organisation - confirm,,,,,"Ministry of Agriculture, Environment and Regional Development ("
Miejskie Przedsiębiorstwo Komunikacyjne w Poznaniu Sp. z o.o.,Government owned company,4931 - Urban and suburban passenger land transport,,"	

Services: passanger transport; 
 ",,Municipal Communications in Poznan
Secretaria Regional da Habitação e Equipamentos,Government Organisation - confirm,,,,,Regional Secretariat for Housing and Infrastructures
UNIVERSIDAD DE ZARAGOZA,Government Organisation
Autorita' portuale di Augusta,Not found
"Uždaroji akcinė bendrovė ""VILNIAUS VANDENYS""",Company? Govt Org? confirm,"	3600 - Water collection, treatment and supply",,,,Closed joint-stock company Vilniaus Water
"Ministerstwo Rozwoju Regionalnego, Biuro Zarządzania Zasobami Ludzkimi, jednostka w MRR odpowiedzialna za wsparcie jednostek realizujących NSRO",Government Organisation - confirm,,,,,"Ministry of Regional Development, Office of Human Resource Management, the entity responsible for supporting the Ministry of Regional Implementation Units NSRF"
Ministerstwo Nauki i Szkolnictwa Wyższego,Government Organisation,,,,,Ministry of Science and Higher Education
"Administração Regional de Saúde do Centro, Instituto Público",Government Organisation,,,,,"Regional Health Center, Public Institution"
Instytut Odlewnictwa,Government owned company,7211 - Research and experimental development on biotechnology,Government of Poland
University of Exeter,University
Zakład Gospodarki Odpadami S.A.,Government owned company,3821 - Treatment and disposal of non-hazardous waste,GMINA MIASTO/ DISTRICT & TOWN OF RAWA MAZOWIECKA
UNIVERSIDADE DE SANTIAGO DE COMPOSTELA,University
"Ministerstwo Gospodarki, Departament Funduszy Europejskich, Instytucja Pośrednicząca PO IG i PO IiŚ",Government Organisation,,,,,"Ministry of Economy, Department of European Funds, Intermediate OP and OP"
Ministrstvo za promet (Direkcija Republike Slovenije za ceste),Government Organisation,,,,,Ministry of Transport (Directorate of the Republic of Slovenia for Roads)
UNIVERSIDAD DE GRANADA,University
Instytut Gruźlicy i Chorób Płuc Oddział Terenowy im.Jana i Ireny Rudników w Rabce-Zdrój,Company?,7219 - Other research and experimental development on natural sciences and engineering,,,,nstitute of Tuberculosis and Lung Diseases Branch im.Jana and Irene Rudników Rabka-Zdrój
AUTORIDAD PORTUARIA DE CARTAGENA,Government Organisation, 5222 - Service activities incidental to water transportation  ,,,,CARTAGENA PORT AUTHORITY
Agentura pro podporu podnikání a investic CzechInvest,Confirm, 	7022 - Business and other management consultancy activities,,,,Business Development Agency CzechInvest 
Conseil Régional Poitou-Charentes,Government Organisation
Powiat Przasnyski,Government Organisation,,,,,"
District Przasnysz"
Neath Port Talbot County Borough Council,Government Organisation
Gmina Miejska Iława,Government Organisation
NBank Investitions- und Förderbank Niedersachsen,Government owned company, 	6159 - Miscellaneous business credit institutions,Land Niedersachsen
Autorita' portuale di Gioia Tauro,Company?,9609-LA - Other personal service activities nec ,"GIOIA TAURO PORT SECURITY S.R.L.
"
Direction départementale de l'Equipement,Government Organisation
Przedsiebiorstwo Gospodarki Komunalnej Sp. z o.o.,Government owned company, 	3700 - Sewerage,,"ervices: city sanitation, watse disposal; ",,Public Utilities Company
SPI Consult GmbH,Company,  	M70220 - Unternehmensberatung,"RILLING, RAIMUND"
Gmina Olsztyn,Government Organisation
Uniwersytet Opolski,University
Carlow VEC Cavan VEC Clare VEC Cork City VEC Co. Cork VEC Donegal VEC Dublin City VEC Co. Dublin VEC Dun Laoghaire VEC Galway City VEC Co. Galway VEC Kerry VEC Kildare VEC Kilkenny VEC Laois VEC Leitrim VEC Limerick City VEC Co. Limerick VEC Longford VEC
Uniwersytet Warszawski - Interdyscyplinarne Centrum Modelowania Matematycznego i Komputerowego,University
Széchenyi István Egyetem
Ministerstvo dopravy,Government Organisation
Ferrovie del Sud Est
Uniwersytet Medyczny im. Karola Marcinkowskiego,University
00039691 - ÚIP
Rīgas Tehnisk? universit?te,University
Zarząd Morskiego Portu Gdynia Spółka Akcyjna
00165565 - Ministerstvo zdravotníctva SR,,Not found - in the name: Ministry of Health of Slovakia
Národní památkový ústav,Government Organisation,9103 - Operation of historical sites and buildings and similar visitor attractions,,,,National Heritage Institute
Park Naukowo-Technologiczny Polska - Wschód Sp. z o.o. w Suwałkach
Instytut Biochemii i Biofizyki Polskiej Akademii Nauk
Somogy Megyei Önkormányzat Kaposi Mór Oktató Kórháza
Powiat Zduńskowolski,Government Organisation
Państwowa Wyższa Szkoła Informatyki i Przedsiębiorczości w ?omży
Liberecký kraj
00681156 - MPSVR SR
Gmina Konstantynów Łódzki ,Government Organisation,8411 - General public administration activities
Υπου?γείο Εσωτε?ικών
Α?χη? Λιμε?νων Κυ?π?ου
Celon Pharma Sp. z o.o.
Zielonogórskie Wodociągi i Kanalizacja Sp. z o.o.
Bács-Kiskun Megyei Önkormányzat
ΔΗΜΟΣ ΛΕΜΕΣΟΥ,Government Organisation,,,,,Municipality of Limasol
"Department for Children, Education, Lifelong Learning & Skills � Welsh Assembly Government",Government Organisation
Gmina Miasta Gdyni,Government Organisation
Wojewódzki Szpital Specjalistyczny w Olsztynie
"Toruńskie Zakłady Graficzne ""Zapolex"" Spółka z ograniczoną odpowiedzialnością",Company,1812 - Other printing,Privately held - JERZY POLKOWSKI
Hydrostroy AD,Company,4291 - Construction of water projects,NIKOLAY KUPENOV PASHOV
Kaolin,Company, 	0812 - Operation of gravel and sand pits; mining of clays and kaolin
Megaport Ltd.,Company,	2222 - Manufacture of plastic packing goods
Unipharm AD
Akademickie Inkubatory Przedsiębiorczości
Szkoła Główna Gospodarstwa Wiejskiego
Statutární město Ústí nad Labem
Švietimo ir mokslo ministerijos Švietimo aprūpinimo centras,Public authority/State/Government,"8412 - Regulation of the activities of providing health care, education, cultural services and other social services, excluding social security"
Gdański Teatr Szekspirowski,Company,,,,,Shakespearean theater of Gdansk
Masarykova univerzita
Finance Yorkshire Ltd
Agencja Rozwoju Przemysłu S.A.
36672441 - LVS
DIPUTACION DE SEVILLA
Lietuvos mokslo taryba
MW_Investitionsbank
South West RDA
University of Malta,University
Győr Nagytérségi Hulladékgazdálkodási Önkormányzati Társulás
Swansea University,University
Politechnika Świętokrzyska,University
Kauno technologijos universitetas
Győr-Moson-Sopron Megyei Önkormányzat
Gmina Miasto Olsztyn,Government Organisation
Gmina Wisła,Government Organisation
Pertemps People Development Group,company,L7861 - Employment Placement Services or 7415 - Holding companies including head Offices,EMPLOYMENT SERVICES HOLDINGS PTY LIMITED
University of Glamorgan
Önkormányzati Társulás Makó város és térsége szennyvízcsatornázásának és szennyvíztisztításának megvalósítására
H&M Hennes & Mauritz Logistics Sp. z o.o.,Company,5210 - Warehousing and storage,Hennes &  Mauritz
Ville de Mons,Government Organisation
Gmina Miasto Lublin,Government Organisation
FONDO DI INGEGNERIA FINANZIARIA
Małopolska Agencja Rozwoju Regionalnego S.A.
SPW - DG01
Zakład Utylizacji Odpadów Spółka z ograniczoną odpowiedzialnością
Warmińsko-Mazurska Filharmonia im. Feliksa Nowowiejskiego w Olsztynie
ENISA Empresa Nacional de Innovación SA (MITC)
Państwowa Wyższa Szkoła Zawodowa w Tarnowie,University,8542 - Tertiary education,Government of Poland
AUTORIDAD PORTUARIA DE FERROL-SAN CIPRIAN,Government Organisation
Liep?jas pilsētas pašvaldība
Felső-Tisza-vidéki Környezetvédelmi és Vízügyi Igazgatóság
Kreditanstalt für Wiederaufbau,Public authority/State/Government,9721 - International affairs
WYG International Sp. z o.o.,Company - private,7022 - Business and other management consultancy activities,WYG INTERNATIONAL PROJECTS LIMITED,"
Services: International Development

WYG International is a leading socio-economic and technical consultancy, catalyzing change in societies to improve the quality of life of people throughout the world. "
South West Regional Development Agency
Borsod-Abaúj-Zemplén Megyei Kórház és Egyetemi Oktató Kórház
Instytut Agrofizyki im. Bohdana Dobrzańskiego PAN w Lublinie,Research institute,7219 - Other research and experimental development on natural sciences and engineering,Government of Poland
"Krajská zdravotní, a.s."
Nowoczesne Technologie Produkcji Spółka z ograniczoną odpowiedzialnością
Urząd Marszałkowski w ?odzi
Grupa Edukacyjna Spółka Akcyjna
Technická univerzita v Liberci
Akademia Wychowania Fizycznego im. Eugeniusza Piaseckiego w Poznaniu
Working Links (Employment) Ltd,Company
CONSEIL GENERAL DU NORD,Government Organisation
Miejski Zakład Gospodarki Komunalnej w Chełmku Sp. z o.o.
"Politechnika Łódzka, Centrum Kształcenia Międzynarodowego"
NRW.BANK Düsseldorf
Liszt Ferenc Zeneművészeti Egyetem,Company - check,,,,,The Liszt Academy of Music
VYSOKÁ ŠKOLA BÁŇSKÁ-TECHNICKÁ UNIVERZITA OSTRAVA,University,Not found
DIPUTACIÓN DE C?DIZ
ČESK? STATISTICK? ÚŘAD
Miasto ?omża,Government Organisation
Gmina Uniejów,Government Organisation
Miasto Zielona Góra,Government Organisation
University College Falmouth,University
"City & County of Swansea Joint Sponsorship � City & County Swansea (lead), Neath Port Talbot CBC, Carmarthenshire CBC, Pembrokeshire CBC, Bridgend CC & Ceredigion CC"
Wojewódzki Urząd Pracy w Krakowie
Akademia Medyczna im. Piastów Śląskich we Wrocławiu,University,,,,,Medical Academy in Wroclaw
00166260 - UGKK SR
Gmina Krynica-Zdrój,Government Organisation
Ministerstwo Rozwoju Regionalnego,Government Organisation
Gmina Śmigiel,Government Organisation
"Uždaroji akcinė bendrovė ""Šiaulių vandenys"""
00151742 - MF SR
SO.RI.CAL S.P.A.
Municipiul Iaşi,Government Organisation
30416094 - MDPT SR
Powiat Wieluński,Government Organisation,8411 - General public administration activities
Żagańskie Wodociągi i Kanalizacje Spółka z o.o.,Company,3700 - Sewerage,Municipality of Zagan
"Ministerstwo Rozwoju Regionalnego, Departament Koordynacji Polityki Strukturalnej, Instytucja Strategiczna"
Valeo Autosystemy spółka z ograniczoną odpowiedzialnością,Company,2930 - Manufacture of parts and accessories for motor vehicles
Hansestadt Rostock
Valsts vides dienests
Welsh Assembly Government - Heritage
Centrum Badań Molekularnych i Makromolekularnych PAN w Łodzi,Company,	7211 - Research and experimental development on biotechnology
Wyższa Szkoła Informatyki i Zarządzania w Rzeszowie,Company,8542 - Tertiary education
Uniwersytet Ekonomiczny we Wrocławiu
Biblioteka Raczyńskich,,,,,,"A public library in Poznan, Poland"
"MINISTERUL EDUCATIEI, CERCETARII SI TINERETULUI"
"""Działdowska Agencja Rozwoju"" Spółka Akcyjna"
Polski Fundusz Gwarancyjny Sp. z o. o.
Państwowa Wyższa Szkoła Teatralna im. Ludwika Solskiego w Krakowie,Company,8542 - Tertiary education,Government of Poland
Miejskie Wodociągi i Kanalizacja Spółka z o.o.
RBLI
00397865 - UK BA
Gmina Wroclaw,Government Organisation
"Dopravní podnik hl.m. Prahy ,akciová spole?nost"
Gmina Miasto Rzeszów,Government Organisation
Gmina Gołdap,Government Organisation
Huta Szkła TUR Adam Szyburski
"Przedsiębiorstwo Gospodarki Odpadami ""Eko-MAZURY"" Spółka z ograniczoną odpowiedzialnością"
Instituto Español de Comercio Exterior (ICEX) (MITC)
Uniwersytet Wrocławski we Wrocławiu,University
MISE
Instytut Maszyn Przepływowych im. Roberta Szewalskiego Polskiej Akademii Nauk
Cavan VEC Donegal VEC Galway City VEC Co. Galway VEC Laois VEC Leitrim VEC Longford VEC Louth VEC Mayo VEC Monaghan VEC Offaly VEC Roscommon VEC Sligo VEC Westmeath VEC
Dudley Metropolitan Borough Council,Government Organisation
Instytut Lotnictwa
EnergieAgentur.NRW GmbH
"""VALDI - CERAMIKA"" Spółka z ograniczoną odpowiedzialnością"
"Uždaroji akcinė bendrovė ""Kauno vandenys""",Comapny,"3600 - Water collection, treatment and supply",Local government
Agencja Rozwoju Regionalnego MARR w Mielcu
Warwick University,University
"České dráhy, a.s."
Samorząd Województwa Wielkopolskiego
CONSEIL REGIONAL CHAMPAGNE ARDENNE
RESEAU FERRE DE FRANCE
Państwowa Wyższa Szkoła Wschodnioeuropejska w Przemyślu,Company,8542 - Tertiary education,Government of Poland
Not available yet
Gmina Miasta Radomia,Government Organisation
Fundacja Rozwoju Demokracji Lokalnej
"Międzygminne Przedsiębiorstwo Wodociągów i Kanalizacji ""EKOWIK"" Sp. z o.o."
Powiat radomszczański,Government Organisation,8411 - General public administration activities
Instytut Chemii Przemysłowej im. Prof. Ignacego Mościckiego
Rete Ferroviaria Italiana (R.F.I.) S.p.A.
Alytaus miesto savivaldybės administracija
CENTRO DOCENTE DE LA CEUCD
Zakłady Azotowe Puławy S.A.
Bioenergia Oil Sp. z o.o.
"Τμήμα Αναπτ?ξεως Υδάτων,"
Gmina Janów Lubelski
Wales Council for Voluntary Action (WCVA)
UNIVERSIDAD DE CASTILLA-LA MANCHA
Vattenfall Heat Poland S.A.,,,Vattenfall
VITKOVICE MILMET S.A.
Morska Służba Poszukiwania i Ratownictwa,Government Organisation,Not found - Maritime Search and Rescue Service
BN FACTORY SPÓŁKA AKCYJNA ,Company,3101 - Manufacture of office and shop furniture,NOWY STYL SP. Z O.O. (ultimate owner: Ronald Stern)
Aero 2 Spółka z ograniczoną odpowiedzialnością
ECO Pellets
Stolzle Częstochowa spółka z ograniczoną odpowiedzialnością
Gmina Miejska Żory,Government Organisation
Wodociągi i Kanalizacja Spółka z ograniczoną odpowiedzialnością
Nemzeti Szakképzési és Felnőttképzési Intézet
POL-AM-PACK Spółka Akcyjna
Uniwersytet Warmińsko-Mazurski,University
Powiat Szczecinecki
KOPINT-DATORG Infokommunikációs zártkörűen működő Részvénytársaság,Company,6209 - Other information technology and computer service activities,Government of Hungary
Rawskie Wodociągi i Kanalizacja Sp. z o.o.
Közép-Duna Vidéke Hulladékgazdálkodási Önkormányzati Társulás,Comapny,3821 - Treatment and disposal of non-hazardous waste,FÜZESI ISTVÁN
"36022047 - SVP, š.p."
Gmina Miasto Włocławek,Government Organisation
Wojewdzki Szpital Zespolony w Elblągu
Cornwall County Council,Government Organisation
Instytut Chemii i Techniki Jądrowej
COMUNIDAD AUTONOMA DE LA RIOJA
Szkoła Wyższa im. Pawła Włodkowica w Płocku
Sitech Sp. z o.o.
Politechnika Opolska
Pomorska Agencja Rozwoju Regionalnego S.A.
"Centro Hospiltalar de Trás-os-Montes e Alto Douro,EPE"
Gmina Krotoszyn,Government Organisation
Urząd Marszałkowski Województwa Małopolskiego
Consiliul Judeţean Vrancea,Company,Not found
Państwowy Zespół Ludowy Pieśni i Tańca „Mazowsze” im. Tadeusza Sygietyńskiego,Company,9001 - Performing arts,Government of Poland
Uniwersytet im. Adama Mickiewicza w Poznaniu,University
Consiliul Judeţean Bistriţa- Năsăud,Company,Not found
Instytut Biologii Medycznej PAN
Instytut Kardiologii im. Prymasa Tysiąclecia Stefana Kardynała Wyszyńskiego,Company,7219 - Other research and experimental development on natural sciences and engineering
ORGANISMO APROBATORIO
Instytut Farmaceutyczny
NG2 Spółka Akcyjna
Panda Trzebnica Spółka z ograniczoną odpowiedzialnością
Miskolci Egyetem

Instytut Genetyki i Hodowli Zwierząt PAN
SBA Bautzen
Kujawsko-Pomorski Fundusz Poręczeń Kredytowych Sp. z o.o.
"MINISTERUL EDUCATIEI, CERCETARII SI INOVARII"
AUTORIDAD PORTUARIA DE HUELVA
ALSTOM Power Sp. z o.o.
Ministrstvo za okolje in prostor (Agencija RS za okolje)
Swansea University,University
Karlovarský kraj
"Regione Dipartimento 11: Cultura, Istruzione, Universit�..."
Comune di Salerno,Government Organisation
Lietuvos Respublikos finansų ministerija
VENETO SVILUPPO S.P.A.
Wydawnictwo Szkolne i Pedagogiczne
Gmina Jasienica,Government Organisation
Szpital Powiatowy we Wrześni Sp. z o.o.
Ministry for Resources and Rural Affairs
Český úřad zeměměřický a katastrální,Government Organisation,8413 - Regulation of and contribution to more efficient operation of businesses
"Department for Children, Education, Lifelong learning and Skills � Welsh Assembly Government",Government Organisation
UNIVERSIDAD DE MALAGA,University
TartuÜlikooli Kliinikum SA,Government Organisation,Not found - Tartu university hospital
Comune di Firenze,Government Organisation
Instytut Włókiennictwa
Samodzielny Publiczny Szpital Kliniczny Nr 1 w Lublinie
Statutární město Brno
Gmina Miasto Hel,Government Organisation
IFAPME
Instytut Fizyki Molekularnej PAN
Centrum Onkologii - Instytut im. Marii Skłodowskiej-Curie Oddział w Gliwicach
"Przedsiębiorstwo wodno-kanalizacyjne ""EKO-SKAWA"" spólka z o.o."
UNIVERSIDAD DE VALENCIA
OPCALIA
Latvijas Investīciju un attīstības aģentūras Zināšanu un inovācijas sistēmas departaments
Conseil Régional du Limousin
MINISTERO DELLO SVILUPPO ECONOMICO – Dipartimento per lo Sviluppo e la Coesione Economica - Direzione generale per la politica regionale unitaria comunitaria - Divisione IX
00678678 - MŽP SR
Budapesti Közlekedési Zártkörűen Működő Részvénytársaság,Company,4931 - Urban and suburban passenger land transport,City of Budapest
Kujawsko-Pomorski Fundusz Pożyczkowy sp. zo.o.,Mutual and pension fund/Nominee/Trust/Trustee,,Government of Poland through its local authorities
"Międzygminna Spółka Wodno-Kanalizacyjna ""Suplaz"" spółka z ograniczoną odpowiedzialnością"
Ontwikkelingsbedrijf Rotterdam
Consiliul Local Municipal Braila
"Valstybės įmonė ""Kauno aerouostas""",Company - Confirm,5223 - Service activities incidental to air transportation,,,,"State Enterprise ""at Kaunas airport"""
Filharmonia Świętokrzyska im Oskara Kolberga,Not found,Not found - Philharmonic hall
Daugavpils Universitāte ,University
Szpital Wojewódzki Nr 2 w Rzeszowie
Administração Regional de Saúde do Norte
Krajowa Izba Gospodarcza
Gmina Konopiska
Bangor University,University
AFPAR
Państwowa Wyższa Szkoła Zawodowa w Krośnie,University,8542 - Tertiary education,,,,State Higher Vocational School in Krosno
AUTORIDAD PORTUARIA DE MARIN-PONTEVEDRA
Akademia Muzyczna im. G. i K. Bacewiczów
"Krajská správa a údržba silnic Karlovarského kraje, příspěvková organizace",Company - Confirm,5221 - Service activities incidental to land transportation,,,,Regional roads management and maintenance of the Karlovy Vary Region
IBB-Beteiligungsgesel-lschaft VC Fonds Technologie
DIPUTACIÓN DE BADAJOZ
Odlewnia Ciśnieniowa META-ZEL Spółka z ograniczoną odpowiedzialnością
Maanteeamet
Rēzeknes pilsētas dome
Rimske terme d.o.o.
Agence nationale pour la cohésion sociale et l'égalité des chances (ACSE)
Krajowy Ośrodek Wspierania Edukacji Zawodowej i Ustawicznej
AQUA-Sopot Sp. z o.o.
Ośrodek Dokumentacji Sztuki Tadeusza Kantora „Cricoteka” w Krakowie,Not found,,,,,Centre for Documentation of the Art of Tadeusz Kantor Cricoteka in Krakow
Muzeum Lotnictwa Polskiego
Klasztor Ojców Paulinów Jasna Góra
Fagioli Polska Sp. z o.o.
IHK-HWK-AusbildungsverbundDresden e.V.
Wydział Edukacji i Nauki Urzędu Marszałkowskiego Województwa Dolnośląskiego
IBB
"Instituto da Segurança Social, IP",Comapny,8999 - Services not elsewhere classified,Government of Portugal,,,"Institute of Social Security, IP"
Gmina Kartuzy,Government Organisation
Município de Paredes
"Akademia Wychowania Fizycznego Józefa Piłsudskiego w Warszawie, Zamiejscowy Wydział Wychowania Fizycznego w Białej Podlaskiej"
Powiat Tatrzański,No financial data at all - check
Science City York
CONFEDERACIÓN HIDROGR?FICA DEL MIÑO-SIL,Not found - check spelling
Grupa Kęty S.A.
Latvijas Lauksaimniecības universit?te
Biblioteka Narodowa
AIRON INVESTMENT Anna Niemczewska
Technische UniversitätDresden,University
Gmina Łochów,Government Organisation,,,,,"Municipality of town of Łochów, Poland"
Państwowy Fundusz Rehabilitacji Osób Niepełnosprawnych
Miasto Poznań,Government Organisation
D.G. FERROCARRILES (M. FOMENTO)
30807484 - Sociálna poisťovňa,Not found,,,,,Social Insurance
Univerza v Mariboru,University
Miasto Bielsko - Biała,Government Organisation
Statutární město Ostrava,Government Organisation,8411 - General public administration activities
UNIOR d.d.
Consiliul Judeţean Hunedoara,No financial data at all - check,,,,,Hunedoara County Council
Liep?jas speci?l?s ekonomisk?s zonas p?rvalde
Wyższa Szkoła Ekonomii i Innowacji w Lublinie,University - check,8542 - Tertiary education,POLSKA FUNDACJA OSRODKOW WSPOMAGANIA ROZWOJU GOSPODARCZEGO OIC POLAND Z SIEDZIBA W LUBLINIE,,,School of Economics and Innovation in Lublin
Gmina Buczkowice,Government Organisation
Município de Matosinhos,Government Organisation
"Instituto de Emprego da Madeira, IP-RAM"
Miasto Bełchatów,Government Organisation
Urząd Marszałkowski Województwa Warmińsko-Mazurskiego
Dél-dunántúli Környezetvédelmi és Vízügyi Igazgatóság
Ministerstvo průmyslu a obchodu ČR
35653001 - SACR
Wojewódzki Specjalistyczny Szpital Dziecięcy im. prof. dr Stanisława Popowskiego w Olsztynie
WISTA - Managem. GmbH
Viešoji įstaiga Vilniaus universiteto ligoninės Santariškių klinikos
Székesfehérvár Megyei Jogú Város Önkormányzata
UAT Jud Sibiu
"""Avio Polska"" Spółka z ograniczoną odpowiedzialnością"
Gmina Kozienice,Government Organisation
Wojskowa Akademia Techniczna im. Jarosława Dąbrowskiego w Warszawie
Cardiff University,University
Specjalistyczny Szpital im. prof. Alfreda Sokołowskiego w Szczecinie – Zdunowie,Company,8610 - Hospital activities,Government of Poland through its local entities,,,Specialist Hospital. prof. Alfred Sokolowski in Szczecin - Zdunowo
AGEFOS PME
Športni center Pohorje d.o.o.
Tallinna Tehnikaülikool
City & County of Swansea,Government Organisation
Jihomoravský kraj,Government Organisation,8411 - General public administration activities
AUTORIDAD PORTUARIA DE VILAGARCIA DE AROUSA
Bora Poland Sp. z o.o.
Urząd Marszałkowski Województwa Lubelskiego w Lublinie
"Agencja Rozwoju Regionalnego ""MARR"" S.A."
Szpital Wojewódzki im. M. Kopernika w Koszalinie
"Land Mecklenburg-Vorpommern, vertreten durch Ministerium für Bildung, Wissenschaft und Kultur Mecklenburg-Vorpommern",Government Organisation
Ausbildungsverbund Teltow e.V.
Wirtschafts- und Infrastrukturbank Hesse

Miasto Piotrków Trybunalski
Valstybinė saugomų teritorijų tarnyba prie Aplinkos ministerijos
Direcção Regional do Ambiente
Consiliul Judetean Bistrita Nasaud
Klaipėdos miesto savivaldybės administracija
Goleniowskie wodociągi i Kanalizacja Sp. z o.o.
Budizol Spółka Akcyjna
Powiat Kwidzyński,Government Organisation,8411 - General public administration activities,,,,District Kwidzyn
Akademia Wychowania Fizycznego im. Bronisława Czecha
Krajowa Szkoła Sądownictwa i Prokuratury
Związek Gmin Gór Świętokrzyskich
Ville de Charleroi,Government Organisation
Eszterházy Károly Főiskola
Województwo Podkarpackie - Urząd Marszałkowski Województwa Podkarpackiego
"GREENCYBER, SA"
Viešoji įstaiga Kauno medicinos universiteto klinikos
Grodziskie Przedsiębiorstwo Komunalne Sp. z o.o.
Zakłady Remontowe Energetyki Katowice S.A.
DIPUTACIÓN DE JAÉN
Baranya Megyei Önkormányzat
Zachodniopomorski Uniwersytet Technologiczny w Szczecinie
Zachodniopomorski Uniwersytet Technologiczny (do 1 stycznia 2009 roku Politechnika Szczecińska)
Athlone Institute of Technology Dundalk Institute of Technology Galway Mayo Institute of Technology National University of Galway Letterkenny Institute of Technology Sligo Institute of Technology Blanchardstown Institute of Technology UCC Cork Institute o,University
Soda Polska CIECH Sp. z o.o.
Samorząd Województwa Opolskiego
Consiliul Judeţean Arad,Not financial data at all - check,,,,,Arad County Council
"Ředitelství silnic Zlínského kraje,příspěvková organizace"
SPAQUEsa
Pannon Egyetem
Adamed Sp. z o.o.
Carbon Trust
CONSEIL GENERAL DU PAS-DE-CALAIS
Operator Gazociągów Przesyłowych GAZ-SYSTEM SPÓ?KA AKCYJNA
Delphi Poland Spółka Akcyjna
00397687 - STU Bratislava
Consiliul Judetean Ilfov
UNIVERSIDAD DE CORDOBA
Gmina Miejska Pruszcz Gdański,Government Organisation
AusbildungsringSüdwestsachsen Chemnitz-Plauen-Zwickau GmbH
Universität Leipzig,University
Bruxelles Formation
Ugdymo plėtotės centras
Consiliul Judeţean Giurgiu,Not financial data at all - check,,,,,Giurgiu County Council
Land Mecklenburg-Vorpommern vertreten durch das Straßenbauamt Schwerin,Government Organisation
Klaipėdos universitetas,University
"36672271 - Vodár. spol. Ružomberok, a.s."
Regionální rada regionu soudržnosti Jihovýchod
00398144 - Výpočtové stredisko Slovenskej akadémie,Not found,,,,,Computing Centre of the Slovak Academy
Regione Abruzzo,Government Organisation
Stadtverwaltung DresdenSchulverwaltungsamt
Gmina Prusice,Government Organisation
"Państwowa Wyższa Szkoła Filmowa, Telewizyjna i Teatralna im. L. Schillera",University - Check,8542 - Tertiary education,,,,"The State Higher School of Film, Television and Theatre. L. Schiller"
Job Centre Plus
University of Plymouth,University
"Ministerstwo Rozwoju Regionalnego, Biuro Administracyjno-Informatyczne"
"Centro Hospitalar do Porto, EPE"
Consiliul judetean Calarasi
Gmina Kocmyrzów-Luborzyca,Government Organisation
UAT Jud Teleorman
Niedersachsen Ports GmbH & Co. KG
Instytut Badawczy Dróg i Mostów
AUTORIDAD PORTUARIA DE AVILES
Miasto Wodzisław Śląski,Government Organisation
Generalna Dyrekcja Ochrony Środowiska
Észak-dunántúli Környezetvédelmi és Vízügyi Igazgatóság
SWEDWOOD POLAND Sp. z o.o.
Direcção Regional das Pescas
Miasto Lublin
"Akcinė bendrovė ""LIETUVOS ENERGIJA"""
KAMITEC Spółka z ograniczoną odpowiedzialnością
Regionalny Park Przemysłowy Świdnik Sp. z o.o.,Not found,,,,,Regional industrial park in Swidnik
Muzeum Pałac w Wilanowie
Lietuvos žemės ūkio universitetas,University,8542 - Tertiary education,,,,Lithuanian University of Agriculture
SA « Filiale Convergence IBC »,Not found
Ministerstwo Gospodarki
"Uždaroji akcinė bendrovė ""Dzūkijos vandenys""",Goverment Organisation,"3600 - Water collection, treatment and supply",ALYTAUS MIESTO SAVIVALDYBES ADMINISTRACIJA,,,"Closed Joint-Stock Company «eaux Dzukijos"""
BerufsbildungsvereinLeipzig e.V.
Filharmonia im. Artura Malawskiego w Rzeszowie
EUROPEJSKIE CENTRUM ZDROWIA OTWOCK Sp z o. o.
FUNDACION CENTRO TECNOLOGICO DE SUPERCOMPUTACION DE GALICIA
None Listed
Veeteede Amet
Powiatowy Urząd Pracy w Częstochowie
Agenţia Naţională pentru Ocuparea Forţei de Muncă
Epon
"Przesiębiorstwo Państowe ""Porty Lotnicze"""
ATS Spółka Akcyjna
Gmina Stalowa Wola,Government Organisation
Maximus Employment UK Ltd,Company
Podhalańska Państwowa Wyższa Szkoła Zawodowa w Nowym Targu,University - Check,8542 - Tertiary education,,,,Podhale State Higher Vocational School in Nowy Targ
"Turismo de Portugal,I.P."
MPM Engineering d.o.o.
"Segrap d.o.o., Ljutomer"
Vegrad hotel AM d.o.o.,Company - Confirm,5510 - Hotels and similar accommodation
Consiliul judetean Arges
Metal-Master Sylwia ?adzińska
Alpla NDM Sp. z o.o.,Company,2222 - Manufacture of plastic packing goods,ALPLA PRIVATSTIFTUNG
CENTRO DE INVESTIGACION ENERGETICA MEDIOAMBIENTAL Y TECNOLOGICA
Gmina Sławno,Government Organisation
Mo BRUK J. Mokrzycki Spółka Komandytowa
Agenţia Naţională pentru Romi
Politechnika Krakowska im. Tadeusza Kościuszki
Powiat Ełcki
00003328 - SSC
Nagykőrös Város Önkormányzata
Wojewódzki Urząd Pracy w Szczecinie
Wyższa Szkoła Pedagogiczna TWP w Warszawie,University,8542 - Tertiary education,,,,College of Education Computer Science in Warsaw
Instytut Meteorologii i Gospodarki Wodnej
37808427 - Žilinský samosprávny kraj
DR Transportes Aéreos e Marítimos,Not found
Powiat Ostrowski
Ville de Liege,Government Organisation
Powiat Zawierciański
CJ caras Severin
Akademia Podlaska
ESF - AGENTSCHAP VLAANDEREN vzw
Uniwersytet Marii Curie-Skłodowskiej w Lublinie
"Welsh Assembly Government Delivered through LAs: Torfaen CBC, Bridgend CBC, Rhondda Cynon Taff, Merthyr Tydfil CBC, Caerphilly CBC, Blaenau Gwent CBC."
Wolverhampton University,University
Powiat Olsztyński
Gmina Szemud,Government Organisation
SHEFFIELD CITY COUNCIL
Centre de Coordination et de Gestion (ens. obligatoire
Vodohospodářské sdružení Turnov
Politechnika Częstochowska,University
LfA Förderbank Bayern,Government Organisation,6111 - Federal and federally-sponsored credit agencies,STATE OF BAVARIA
Instytucja Zarządzająca RPOWP - Zarząd Województwa Podlaskiego
"SOCIEDAD PARA EL FOMENTO Y PROMOCION DEL DESARROLLO SOCIOECONOMICO DE CEUTA, S.A. (PROCESA)"
Confederação do Comércio e Serviços de Portugal — CCP
Państwowa Wyższa Szkoła Zawodowa w Elblągu,University - Check,8542 - Tertiary education,GOVERNMENT OF POLAND,,,Higher Vocational State School in Elbląg
Τμήμα Δημοσίων ΄Ε?γων
Department for the Economy & Transport - Welsh Assembly Government
"36672297 - SeVAK, a.s."
SA « Filiale Convergence Sambrinvest »,Not found
AGÊNCIA PARA O INVESTIMENTO E COMÉRCIO EX- TERNO DE PORTUGAL E P E,Not found,,,,,AGENCY FOR INVESTMENT AND TRADE EX-SUITS TO SEE PORTUGAL
Ministrstvo za pravosodje
C.H. DEL DUERO (MARM)
D&D Resory Polska Sp. z o.o.
"Dopravní podnik města Brna,a.s."
One North East
UNIVERSIDAD DE VIGO,University
Gmina Miasta Brodnicy,Government Organisation
"DIAMO, státní podnik"
Opera Krakowska w Krakowie
"Akcinė bendrovė ""KLAIPĖDOS VANDUO"""
Α?χη? Ανα?πτυξης Ανθ?ω?πινου Δυναμικου
Kauno miesto savivaldybės administracija
"Ministerstwo Finansów: Instytucja Audytowa, Jednostka odpowiedzialna za otrzymywanie i przekazywanie płatności oraz weryfikację zasady dodatkowości"
Samodzielny Publiczny Wojewódzki Szpital Zespolony w Szczecinie
TES GROUP Spółka Akcyjna
Confederação dos Agricultores de Portugal
In Training (ESD) Ltd
Univerzita Tomáše Bati ve Zlíně,University 
Cornwall Development Company
17336007 - Fakultná nemocnica Nitra
Inginerie financiere (filiale competitivite Meusinvest)
Cezar S.A.
Bełchatowsko Kleszczowski Park Przemysłowo Technologiczny Sp. z o.o.
Przedsiębiorstwo Gospodarki Odpadami Sp. z o.o.
"MIT Dipartimento per le Infrastrutture, gli Affari generali edi il Personale Direzione Generale per lo Sviluppo del territorio, la programmazione ed I Progetti internazionali"
Consiliul Judetean Dolj
Dipartimento della P.S. - Direzione Centrale Polizia Criminale - Servizio per il Sistema Informativo Interforze
"Department for Children, Education, Lifelong Learning and Skills � Welsh Assembly Government",Government Organisation
Berettyóújfalu Város Önkormányzata
Solnova Sp. z o.o.
Nds. Landesbehörde für Straßenbau und Verkehr -Geschäftsbereich Verden -,Not found
SRTT - Secretaria Regional do Turismo e Transportes
Miasto Inowrocław
Pomorska Akademia Medyczna
Unitatea Executiva pentru Finantarea Invatamantului Superior si a Cercetarii Stiintifice Universitare (UEFISCSU)
"Land Mecklenburg-Vorpommern, vertreten durch Straßenbauamt Schwerin"
Powiat Tomaszowski
Município de Évora,Government Organisation
Instytut Chemii Organicznej Polskiej Akademii Nauk
Município de Castelo Branco,Government Organisation
Zakład Doskonalenia Zawodowego w Kielcach
Aalborg Universitet,University
"Tartak ""Olczyk"" Ludwik Olczyk"
Komenda Wojewódzka Państwowej Straży Pożarnej w Katowicach,Government Organisation,,,,,Provincial Headquarters of State Fire Service in Katowice
Municipality Sliven,Government Organisation,No financial data at all - CHECK
"ILHAS DE VALOR , SA"
Magyar Közút Kht.
Instytut Sadownictwa i Kwiaciarstwa im. Szczepana Pieniążka
Department for the Economy &Transport � Welsh Assembly Government,Government Organisation
Powiat Raciborski

Wyższa Szkoła Bankowa we Wrocławiu
Powiat Olkuski
GOVERN DE LES ILLES BALEARS,Government Organisation
ECO-Strom Plus GmbH Chemie,Company
"Consejo Superior de Cámaras Oficiales de Comercio, Industria y Navegación"
00397610 - TU v Košiciach
MASTERPRESS S.A.
BEST
GMINA WOLBÓRZ,Government Organisation
Ministerul Sanatatii Publice
Wojewódzki Szpital Zespolony w Koninie
Centrum pro regionální rozvoj ČR
Ob?ina Krško
Væksthus Nordjylland
Kongskilde Polska Sp. z o.o.
Gestione Governatica Ferrovia Circumetnea
"Székesfehérvár Város és Térsége (Pátka, Pákozd, Seregélyes) szennyvízcsatorna-hálózat bővítési Önkormányzati Társulás"
Land Mecklenburg Vorpommern vertreten durch das Straßenbauamt Güstrow
Państwowa Ogólnokształcąca Szkoła Muzyczna I i II stopnia im. Stanisława Moniuszki
UNIVERSITATEA DIN BUCURESTI
Országos Onkológiai Intézet
Etablissement Public d'insertion de la Défense
UAT Jud. Timiş
Szpital Specjalistyczny im. J. Śniadeckiego w Nowym Sączu
"Regione Dipartimento 10: Lavoro, Politiche della famiglia..."
Universitatea Politehnica din Bucuresti,University
Fundacja Rozwoju Lubelszczyzny
Miasto Leszno
Gmina Zabrze,Government Organisation
"Naravno zdraviliš?e Topolšica, d.d."
Consiliul Judetean Suceava
Dipartimento della P.S. - Direzione Centrale Affari Generali - Centro Elettronico Nazionale della Polizia di Stato
SOFIMAC PARTNERS
"Muzeum Armii Krajowej im. Gen. Emila Fieldorfa ""Nila"" w Krakowie"
UNIVERSIDAD POLITECNICA DE VALENCIA
New Deal
Urząd Marszałkowski Województwa Mazowieckiego
Zespół Szkół Muzycznych
"Centro Hospitalar do Tâmega e Sousa, EPE"
Ob?ina Slovenska Bistrica
Zachodniopomorskie Centrum Onkologii
AUTORIDAD PORTUARIA DE CASTELLON
Educatio Társadalmi Szolgáltató Nonprofit Kft.
Ob?ina Škofja Loka
STATUT?RN? MĚSTO CHOMUTOV
bbw Berufsvorbereitungs- und Ausbildungsgesellschaft mbH
Institutul National de Informare si Documentare
Uniwersytecki Szpital Dziecięcy w Krakowie
Seka S.A.
Keiper Polska Spółka z ograniczoną odpowiedzialnością
Uniwersytet Mikołaja Kopernika w Toruniu,University
Município de Braga,Government Organisation
Tolna Megyei Önkormányzat
"""Ostróda Yacht"" Spółka z ograniczoną odpowiedzialnością"
UAT Jud. Vaslui
Zespół Państwowych Szkół Muzycznych im. Mieczysława Karłowicza w Krakowie
Autorita' portuale di Taranto
UAT Jud. Mehedinti
Zala Megyei Önkormányzat
Wojewódzki Fundusz Ochrony Środowiska i Gospodarki Wodnej w Opolu
Município de Paços de Ferreira
Stadt Dortmund,Government Organisation
Direcção Regional da Cultura
Landeshauptstadt Schwerin
Powiatowy Urząd Pracy w Radomiu
Powiat Iławski
Ob?ina Ormož
Teatr im. Stefana Jaracza
Wojewódzki Szpital Zespolony w Kielcach
Laboratorio di tecnologie oncologiche HSR Giglio
Diecezja Łowicka,Not found - Diocese,Not found ,,,,Diocese of Łowicz
"Wrocławskie Przedsiębiorstwo ""Hala Ludowa"" Sp. z o.o."
Gmina Witnica,Government Organisation
Zakład Przetwórstwa Tworzyw Sztucznych Witoplast Witold Kisieliński Michał Kisieliński Spółka Jawna.
Muzeum Narodowe w Krakowie
Kauno medicinos universitetas
Carmarthenshir e County Council
Latvijas Hipotēku un zemes banka
REGIONE BASILICATA
Gmina Bardo
Instytut Genetyki Roślin Polskiej Akademii Nauk
Ayuntamiento de Bilbao
Classen-Pol SA
Instytut Podstawowych Problemów Techniki PAN
Department for the Economy &Transport � Welsh Assembly Government,Government Organisation
Department for the Economy & Transport � Welsh Assembly Government,Government Organisation
National Offenders Management Services (NOMS)
"Department for Environment, Sustainability & Housing- Welsh Assembly Government",Government Organisation
Consiliul Judetean Maramures
Fundacja Puławskie Centrum Przedsiębiorczości
alenia composite
Laboratório Ibérico Internacional de Nanotecnologia
CALDERDALE COLLEGE
Consiliul Judetean Buzau si UAT Merei
Powiat Sieradzki
Município de Bragança
Flügger Sp. z o.o.,Company,"4752 - Retail sale of hardware, paints and glass in specialised stores",Flugger AS (Ultimate owner: ULF SCHNACK)
Universitatea din Craiova,University
"Instituto de Gestão do Fundo Social Europeu, I.P."
Município de Ponte de Lima
Gmina Miasta Tarnowa - Urząd Miasta Tarnowa
Plastic Omnium Auto Exteriors Sp. z o.o.
Consiliul Judetean Constanta
IHP GmbH - Innovations for High Performance Microelectronics /
Akademia Wychowania Fizycznego we Wrocławiu
Northern Ireland ...
Denbighshire County Council
Remploy Ltd,Company
Fundacja Rozwoju Śląska oraz Wspierania Inicjatyw Lokalnych
Liikennevirasto
Alsó-Tisza Vidéki Környezetvédelmi és Vízügyi Igazgatóság
"Mestna občina Slovenj Gradec (Občine: Črna na Koroškem, Dravograd, Mežica, Mislinja, Muta, Podvelka, Prevalje, Radlje ob Dravi, Ravne na Koroškem, Ribnica na Pohorju in Vuzenica)",Government Organisation,"Not found - Municipality of the town of Slovenj Gradec, Slovenija"
Gmina Miasto Łowicz,Government Organisation,"Not found - Municipality of the town Łowicz, Poland"
Občini Semič in Črnomelj,Government Organisation,"Not found - Municipality of the town of Črnomelj, Slovenija"
Wojewódzki Specjalistyczny Szpital im. Dr Wł. Biegańskiego
"Terme Krka, zdraviliške, turisti?ne in gostinske storitve, d.o.o., Novo mesto",Company,5510 - Hotels and similar accommodation,Government of Slovenia
Chambre régionale de commerce et dindustrie de Paris et d'Île-de-France
Gmina Miejska Ostróda,Government Organisation
Papieska Akademia Teologiczna w Krakowie,University,8542 - Tertiary education
30795362 - Centrum vzdelávania MPSVaR SR
Joskin Polska Sp. z o.o.
Instytut Podstawowywch Problemów Techniki PAN
LfC Sp. z o.o.
Universita_ di Napoli Federico II,University
Gmina Opoczno,Government Organisation,"Not found - Municipality of the town Opoczno, Poland"
Fondazione Campania dei Festival
UAT Jud Gorj
CHAMBRE DE COMMERCE ET D'INDUSTRIE DE LA REUNION
Miasto Skierniewice,Government Organisation,"Not found - Municipality of the town Skierniewice, Poland"
COMUNE DI GENOVA,Government Organisation
Przedsiębiorstwo Energetyki Cieplnej i Gospodarki Wodno-Ściekowej
Mestna vrata d.o.o.
Wojskowy Instytut Medyczny
Centre for Process Innovation (CPI)
Eesti Teadusfond
Kanonie premonstrátů Teplá
Dolní oblast V?TKOVICE
Fundacja Rozwoju Regionu Rabka
"Terezín - město změny, zájmové sdružení právnických osob"
Employment and Training Corporation (ETC)
Nagykanizsa Megyei Jogú Város Önkormányzata
Miasto Bydgoszcz
Gabinete de Estatística e Planeamento da Educação,Not found,,,,,Office of Statistics and Education Planning
Miasto Rybnik,Government Organisation
Gmina Olecko,Government Organisation
Powiat Starachowicki
Ob?ina Slovenj Gradec
Gmina Miejska Kwidzyn,Government Organisation
"Multifunk?ní centrum zámek Lednice, zájmové sdružení právnických osob"
Telefonia DIALOG Spółka Akcyjna
Gemeinde Ostseebad Boltenhagen,Government Organisation
Terme Olimia d.d.
Diecezja Legnicka
UNIVERSIDAD DE CADIZ
Mestna ob?ina Novo mesto
Państwowe Muzeum Auschwitz - Birkenau w Oświęcimiu
Hódmezővásárhely Megyei Jogú Város Önkormányzata
Lietuvos Respublikos sveikatos apsaugos ministerija
Powiat Gorlicki
Nyugat Magyarországi Egyetem
Polska Konfederacja Pracodawców Prywatnych Lewiatan
Polskie Zakłady Lotnicze Spółka z ograniczoną odpowiedzialnością
Polska Fundacja Przedsiębiorczości
Česká agentura na podporu obchodu/CzechTrade
Debrecen Megyei Jogú Város Önkormányzata,Government Organisation,No financial data at all - CHECK,,,,Debrecen Municipality
BIOM Sp. z o.o.,Company - confirm
Szombathely Megyei Jogú Város Önkormányzata
MIUR
Direcção Regional do Desenvolvimento Agrário
"Department for Environment, Sustainability & Housing - Welsh Assembly Government"
Sopron Megyei Jogú Város Önkormányzata
Jász-Nagykun-Szolnok Megyei Hetényi Géza Kórház- Rendelőintézet
Integer.pl spółka akcyjna
Országos Mentőszolgálat
Malta Transport Authority - Network Infrastructure Directorate (ADT)
Szolnok Megyei Jogú Város Önkormányzata
Gmina Trzebownisko
Katolicki Uniwersytet Lubelski
Ekobenz sp. z o.o
Gmina Tczew
Jelgavas pilsētas dome
SC ROMCONSTRUCT TOP SRL
Carlow VEC Cavan VEC Clare VEC Cork City VEC Co. Cork VEC Donegal VEC Dublin City VEC Co. Dublin VEC Dun Laoghaire VEC Co. Galway VEC Galway City VEC Kerry VEC Kildare VEC Kilkenny VEC Laois VEC Leitrim VEC Limerick City VEC Co. Limerick VEC Longford VEC
Vlassenroot Polska Sp. z o.o.
UATJud. Dolj
Warszawska Wyższa Szkoła Informatyki
"Vas Megyei Markusovszky Lajos ?ltalános Rehabilitációs és Gyógyfürdő Kórház, Egyetemi Oktatókórház, Zártkörűen Működő Nonprofit Részvénytársaság"
Município do Porto
UAT SĂLAJ - UAT Cluj
Târgovişte
House of Skills S.A.
Samodzielny Publiczny Specjalistyczny Zakład Opieki Zdrowotnej „Zdroje?
CVMPSVR SR
Gmina Cieszyn
Centrede Coordination et de Gestion (ens. obligatoire)
"36058645 - MILENIUM TRADING, a.s.",Company," 	4671 - Wholesale of solid, liquid and gaseous fuels and related products",,,,In Slovakia though Romanian company
"""DAKRI- BIS"" Sp. z o.o.",Company, 	1071 - Manufacture of bread; manufacture of fresh pastry goods and cakes,Damazy Szynklewski
"""TOPEX Sp. z o.o."" Spółka komandytowa",Company, 	4690 - Non-specialised wholesale trade
3SPARE Sp. z o.o.
"36672076 - PVS, a.s."
"36513458 - Nemocnica Poprad, a.s."
"""METROPOLITAN"" JSC "
DRUKARNIA SKLENIARZ Włodzimierz Skleniarz
Arso Polański Sp. z o.o.
AUTO HIT Sp. z o. o.
Technologie Ekologiczne Zbigniew Tokarz