"Payee Name","PROJECT TITLE","YEAR JOINED","PUBLIC EXPENDITURE LISTING","Final YEAR PAYMENT","FULL PUBLIC EXPENDITURE","FUND"
"νΕίΤΙ ΑΝΩΝΥΜΗ ΕΤΑΙΡΕΙΑ ΠΡΟΪΟΝΤΩΝ ΛΟΓΙΣΜΙΚΟΥ ΚΑΙ ΣΥΝΑΦΩΝ ΠΡΟΪΟΝΤΩΝ ΚΑΙ ΥΠΗΡΕΣΙΩΝ","νΕίΤΙ ΑΕ ΠΡΟΪΟΝΤΩΝ ΛΟΓΙΣΜΙΚΟΥ ΚΑΙ ΣΥΝΑΦΩΝ ΠΡΟΪΟΝΤΩΝ ΚΑΙ ΥΠΗΡΕΣΙΩΝ (ΥΠΕ/4/1139/Ε)","2009","3.702.500",,,"ΕΤΠΑ"
"ΔΗΜΟΣ ΑΛΕΞΑΝΔΡΟΥΠΟΛΗΣ ΝΟΜΟΥ ΕΒΡΟΥ","ΣΥΣΤΗΜΑ ΠΡΟΛΗΨΗΣ ΚΑΙ ΑΝΤΙΜΕΤΩΠΙΣΗΣ ΚΙΝΔΥΝΩΝ ΦΥΣΙΚΩΝ ΚΑΤΑΣΤΡΟΦΩΝ","2009","300.000",,,"ΕΤΠΑ"
"ΔΗΜΟΣ ΒΟΛΟΥ ΝΟΜΟΥ ΜΑΓΝΗΣΙΑΣ","ΠΡΟΜΗΘΕΙΑ ΣΥΝΘΕΤΟΥ ΗΛΕΚΤΡΟΝΙΚΟΥ ΣΥΣΤΗΜΑΤΟΣ ΤΗΛΕΔΙΑΧΕΙΡΙΣΗΣ ΨΗΦΙΑΚΩΝ ΥΠΗΡΕΣΙΩΝ (ΕΞΥΠΝΟΣ ΛΑΜΠΤΗΡΑΣ)","2009","472.430",,,"ΕΤΠΑ"
"ΔΗΜΟΣ ΔΡΑΜΑΣ ΝΟΜΟΥ ΔΡΑΜΑΣ","ΕΓΚΑΤΑΣΤΑΣΗ ΔΗΜΟΣΙΩΝ ΣΗΜΕΙΩΝ ΠΡΟΣΒΑΣΗΣ ΚΑΙ ΑΝΑΠΤΥΞΗ ΥΠΗΡΕΣΙΩΝ ΥΨΗΛΗΣ ΔΙΑΔΡΑΣΤΙΚΟΤΗΤΑΣ ΚΑΙ ΨΗΦΙΑΚΟΥ ΠΕΡΙΕΧΟΜΕΝΟΥ ΓΙΑ ΤΟΝ ΔΗΜΟ ΔΡΑΜΑΣ","2009","600.355",,,"ΕΤΠΑ"
"ΔΗΜΟΣ ΚΟΡΙΝΘΙΩΝ ΝΟΜΟΥ ΚΟΡΙΝΘΙΑΣ","ΠΡΟΤΑΣΗ ΔΗΜΟΥ ΚΟΡΙΝΘΙΩΝ ΓΙΑ ΒΕΛΤΙΩΣΗ ΣΥΝΘΗΚΩΝ ΟΔΙΚΗΣ ΑΣΦΑΛΕΙΑΣ ΜΕΣΩ ΚΑΛΥΤΕΡΗΣ ΕΠΟΠΤΕΙΑΣ ΔΙΚΤΥΟΥ ΗΛΕΚΤΡΟΦΩΤΙΣΜΟΥ ΚΑΙ ΔΗΜΟΣΙΩΝ ΟΔΩΝ/ΕΡΓΩΝ/ΔΙΚΤΥΩΝ","2009","255.000",,,"ΕΤΠΑ"
"ΔΗΜΟΣ ΤΡΙΚΚΑΙΩΝ ΝΟΜΟΥ ΤΡΙΚΑΛΩΝ","ΕΝΙΑΙΟ ΣΥΣΤΗΜΑ ΔΙΑΧΕΙΡΙΣΗΣ ΚΥΚΛΟΦΟΡΙΑΣ ΣΕ ΑΣΤΙΚΟ ΠΕΡΙΒΑΛΛΟΝ ΓΙΑ ΤΗΝ ΟΛΟΚΛΗΡΩΜΕΝΗ ΠΛΗΡΟΦΟΡΗΣΗ ΠΟΛΙΤΩΝ ΤΩΝ 10 ΔΗΜΩΝ ΤΗΣ ΨΗΦΙΑΚΗΣ ΚΟΙΝΟΤΗΤΑΣ-ΨΗΦΙΑΚΗ ΜΕΤΑΚΙΝΗΣΗ","2009","2.590.000",,,"ΕΤΠΑ"
"ΔΗΜΟΣ ΤΡΙΚΚΑΙΩΝ ΝΟΜΟΥ ΤΡΙΚΑΛΩΝ","ΕΞΟΠΛΙΣΜΟΣ ΚΑΙ ΟΡΓΑΝΩΣΗ ΟΛΟΚΛΗΡΩΜΕΝΟΥ ΔΙΚΤΥΟΥ ΠΑΡΟΧΗΣ ΥΠΗΡΕΣΙΩΝ ΤΗΛΕΦΡΟΝΤΙΔΑΣ ΑΣΘΕΝΩΝ ΜΕ ΧΡΟΝΙΑ ΝΟΣΗΜΑΤΑ ΓΙΑ ΤΟΥΣ 10 ΔΗΜΟΥΣ ΤΗΣ ΨΗΦΙΑΚΗΣ ΚΟΙΝΟΤΗΤΑΣ ΚΕΝΤΡΙΚΗΣ ΕΛΛΑΔΑΣ","2009","722.700",,,"ΕΤΠΑ"
"ΔΗΜΟΣ ΤΡΙΚΚΑΙΩΝ ΝΟΜΟΥ ΤΡΙΚΑΛΩΝ","ΕΓΚΑΤΑΣΤΑΣΗ ΔΗΜΟΣΙΩΝ ΣΗΜΕΙΩΝ ΠΡΟΣΒΑΣΗΣ ΚΑΙ ΑΝΑΠΤΥΞΗ ΥΠΗΡΕΣΙΩΝ ΥΨΗΛΗΣ ΔΙΑΔΡΑΣΤΙΚΟΤΗΤΑΣ ΚΑΙ ΨΗΦΙΑΚΟΥ ΠΕΡΙΕΧΟΜΕΝΟΥ ΓΙΑ ΤΗΝ ΨΗΦΙΑΚΗ ΚΟΙΝΟΤΗΤΑ ΤΩΝ ΕΝΝΕΑ (9) ΔΗΜΩΝ","2009","919.406",,,"ΕΤΠΑ"
"ΔΗΜΟΣ ΤΡΙΚΚΑΙΩΝ ΝΟΜΟΥ ΤΡΙΚΑΛΩΝ","ΔΙΑ-ΠΕΡΙΦΕΡΕΙΑΚΗ ΠΛΑΤΦΟΡΜΑ ΗΛΕΚΤΡΟΝΙΚΗΣ ΣΥΜΜΕΤΟΧΗΣ","2009","270.100",,,"ΕΤΠΑ"
"ΕΘΝΙΚΟ ΔΙΚΤΥΟ ΕΡΕΥΝΑΣ ΚΑΙ ΤΕΧΝΟΛΟΓΙΑΣ (ΕΔΕΤ Α.Ε.)","ΑΠΟΚΤΗΣΗ ΦΟΡΗΤΩΝ ΠΡΟΣΩΠΙΚΩΝ ΥΠΟΛΟΓΙΣΤΩΝ ΑΠΟ ΤΟΥ ΠΡΩΤΟΕΤΕΙΣ ΦΟΙΤΗΤΕΣ ΣΤΗΝ ΤΡΙΤΙΒΑΘΜΙΑ ΕΚΑΠΙΔΕΥΣΗ","2009","4.736.160",,,"ΕΤΠΑ"
"ΕΙΔΙΚΗ ΥΠΗΡΕΣΙΑ ΔΙΑΧΕΙΡΙΣΗΣ ΕΠ ΨΗΦΙΑΚΗ ΣΥΓΚΛΙΣΗ","ΠΑΡΟΧΗ ΥΠΗΡΕΣΙΩΝ ΣΥΜΒΟΥΛΟΥ ΤΕΧΝΙΚΗΣ ΥΠΟΣΤΗΡΙΞΗΣ ΣΤΗΝ ΕΥΔ ΕΠ ΨΗΦΙΑΚΗ ΣΥΓΚΛΙΣΗ","2009","3.408.000",,,"ΕΤΠΑ"
"ΕΙΔΙΚΗ ΥΠΗΡΕΣΙΑ ΔΙΑΧΕΙΡΙΣΗΣ ΕΠ ΨΗΦΙΑΚΗ ΣΥΓΚΛΙΣΗ","ΚΑΤΑΡΤΙΣΗ ΠΡΟΣΩΠΙΚΟΥ ΕΥΔ ΕΠ ΨΣ","2009","79.520",,,"ΕΤΠΑ"
"ΕΙΔΙΚΗ ΥΠΗΡΕΣΙΑ ΔΙΑΧΕΙΡΙΣΗΣ ΕΠ ΨΗΦΙΑΚΗ ΣΥΓΚΛΙΣΗ","ΣΥΜΜΕΤΟΧΗ ΠΡΟΣΩΠΙΚΟΥ ΕΥΔ ΕΠ ΨΣ ΣΕ ΕΚΠΑΙΔΕΥΤΙΚΑ ΠΡΟΓΡΑΜΜΑΤΑ, ΟΠΩΣ ΕΝΔΕΙΚΤΙΚΑ ΗΜΕΡΙΔΕΣ, ΣΥΝΕΔΡΙΑ, ΣΕΜΙΝΑΡΙΑ, ΡΟΚΑ, ΓΙΑ ΤΗΝ ΠΛΗΡΟΦΟΡΗΣΗ ΚΑΙ ΕΚΠΑΙΔΕΥΣΗ ΤΟΥΣ","2009","28.400",,,"ΕΤΠΑ"
"ΕΙΔΙΚΗ ΥΠΗΡΕΣΙΑ ΔΙΑΧΕΙΡΙΣΗΣ ΕΠ ΨΗΦΙΑΚΗ ΣΥΓΚΛΙΣΗ","ΠΡΟΜΗΘΕΙΑ ΕΞΟΠΛΙΣΜΟΥ","2009","17.608",,,"ΕΤΠΑ"
"ΕΙΔΙΚΗ ΥΠΗΡΕΣΙΑ ΔΙΑΧΕΙΡΙΣΗΣ ΕΠ ΨΗΦΙΑΚΗ ΣΥΓΚΛΙΣΗ","ΥΠΟΣΤΗΡΙΞΗ ΚΑΙ ΣΥΝΤΗΡΗΣΗ ΛΟΓΙΣΜΙΚΩΝ ΤΗΣ ΕΥΔ ΕΠ ΨΗΦΙΑΚΗ ΣΥΓΚΛΙΣΗ","2009","22.152",,,"ΕΤΠΑ"
"ΕΛΛΗΝΙΚΟ ΠΑΡΑΤΗΡΗΤΗΡΙΟ ΓΙΑ ΤΗΝ ΚΟΙΝΩΝΙΑ ΤΗΣ ΠΛΗΡΟΦΟΡΙΑΣ","ΑΝΑΠΤΥΞΗ ΥΠΗΡΕΣΙΩΝ ΔΙΑΓΝΩΣΗΣ & ΑΝΑΔΕΙΞΗΣ ΤΩΝ ΩΦΕΛΕΙΩΝ ΤΗΣ ΕΝΣΩΜΑΤΩΣΗΣ ΤΩΝ ΤΠΕ ΣΤΗΝ ΚΑΘΗΜΕΡΙΝΗ ΖΩΗ ΤΩΝ ΠΟΛΙΤΩΝ","2009","369.785",,,"ΕΤΠΑ"
"ΕΛΛΗΝΙΚΟ ΠΑΡΑΤΗΡΗΤΗΡΙΟ ΓΙΑ ΤΗΝ ΚΟΙΝΩΝΙΑ ΤΗΣ ΠΛΗΡΟΦΟΡΙΑΣ","ΑΝΑΠΤΥΞΗ ΥΠΗΡΕΣΙΩΝ ΔΙΑΓΝΩΣΗΣ & ΑΝΑΔΕΙΞΗΣ ΤΩΝ ΩΦΕΛΕΙΩΝ ΤΗΣ ΕΝΣΩΜΑΤΩΣΗΣ ΤΩΝ ΤΠΕ ΣΤΗΝ ΚΑΘΗΜΕΡΙΝΗ ΛΕΙΤΟΥΡΓΙΑ ΤΩΝ ΕΠΙΧΕΙΡΗΣΕΩΝ","2009","531.648",,,"ΕΤΠΑ"
"ΕΛΛΗΝΙΚΟ ΠΑΡΑΤΗΡΗΤΗΡΙΟ ΓΙΑ ΤΗΝ ΚΟΙΝΩΝΙΑ ΤΗΣ ΠΛΗΡΟΦΟΡΙΑΣ","ΛΕΙΤΟΥΡΓΙΑ ΠΑΡΑΤΗΡΗΤΗΡΙΟΥ ΓΙΑ ΤΗΝ ΚΟΙΝΩΝΙΑ ΤΗΣ ΠΛΗΡΟΦΟΡΙΑΣ","2009","1.170.080",,,"ΕΤΠΑ"
"ΕΠΙΜΕΛΗΤΗΡΙΟ ΔΡΑΜΑΣ","ΟΛΟΚΛΗΡΩΜΕΝΟ ΠΛΗΡΟΦΟΡΙΑΚΟ ΣΥΣΤΗΜΑ ΨΗΦΙΟΠΟΙΗΣΗΣ ΚΑΙ ΑΡΧΕΙΟΘΕΤΗΣΗΣ ΕΓΓΡΑΦΩΝ ΤΟΥ ΕΠΙΜΕΛΗΤΗΡΙΟΥ ΔΡΑΜΑΣ ΜΕ ΕΦΑΡΜΟΓΗ ΤΕΧΝΟΛΟΓΙΩΝ ΔΙΑΧΕΙΡΙΣΗΣ ΓΝΩΣΗΣ","2009","250.000",,,"ΕΤΠΑ"
"ΕΡΕΥΝΗΤΙΚΟ ΑΚΑΔΗΜΑΪΚΟ ΙΝΣΤΙΤΟΥΤΟ ΤΕΧΝΟΛΟΓΙΑΣ ΥΠΟΛΟΓΙΣΤΩΝ (ΕΑ ΙΤΥ)","ΟΛΟΚΛΗΡΩΜΕΝΕΣ ΥΠΗΡΕΣΙΕΣ ΕΝΙΣΧΥΣΗΣ ΨΗΦΙΑΚΗΣ ΕΜΠΙΣΤΟΣΥΝΗΣ","2009","2.746.450",,,"ΕΤΠΑ"
"θ. ΚΛΑΔΗΣ - Β. ΜΑΝΙΚΑΣ ΟΕ","ΘΩΡΑΚΙΣΗ ΤΗΣ ΕΠΙΧΕΙΡΗΣΗΣ ΜΕ ΤΕΧΝΟΛΟΓΙΕΣ ΓΙΑ ΤΗΝ  ΠΡΟΣΤΑΣΙΑ ΕΞΟΠΛΙΣΜΟΥ, ΛΟΓΙΣΜΙΚΟΥ ΚΑΙ ΔΕΔΟΜΕΝΩΝ ΑΠΟ ΨΗΦΙΑΚΟΥΣ ΚΙΝΔΥΝΟΥΣ ΚΑΙ ΑΠΕΙΛΕΣ.","2009","5.600",,,"ΕΤΠΑ"
"ΙΝΣΤΙΤΟΥΤΟ ΡΕΥΝΩΝ/ΜΕΛΕΤΩΝ ΤΗΛΕΠΙΚΟΙΝΩΝΙΩΝ ΚΑΙ ΠΛΗΡΟΦΟΡΙΚΗΣ Ν.Α ΕΥΡΩΠΗΣ (ΙΝΑ)","ΔΙΑΧΕΙΡΙΣΗ ΨΗΦΙΑΚΗΣ ΕΠΙΚΙΝΔΥΝΟΤΗΤΑΣ","2009","106.868",,,"ΕΤΠΑ"
"ΚΕΝΤΡΟ ΑΝΑΝΕΩΣΙΜΩΝ ΠΗΓΩΝ ΕΝΕΡΓΕΙΑΣ (Κ.Α.Π.Ε.)","ΕΘΝΙΚΟ ΠΛΗΡΟΦΟΡΙΑΚΟ ΣΥΣΤΗΜΑ ΓΙΑ ΤΗΝ ΚΑΤΑΜΕΤΡΗΣΗ ΤΗΣ ΕΝΕΡΓΕΙΑΚΗΣ ΑΠΟΔΟΤΙΚΟΤΗΤΑΣ, ΣΤΟ ΠΛΑΙΣΙΟ ΥΛΟΠΟΙΗΣΗΣ ΤΗΣ ΟΔΗΓΙΑΣ 2006/32/ΕΚ","2009","1.579.608",,,"ΕΤΠΑ"
"ΚΕΝΤΡΟ ΑΝΑΝΕΩΣΙΜΩΝ ΠΗΓΩΝ ΕΝΕΡΓΕΙΑΣ (Κ.Α.Π.Ε.)","ΕΘΝΙΚΟ ΠΛΗΡΟΦΟΡΙΑΚΟ ΣΥΣΤΗΜΑ ΓΙΑ ΤΗΝ ΥΠΟΣΤΗΡΙΞΗ ΤΟΥ ΕΘΝΙΚΟΥ ΠΡΟΓΡΑΜΜΑΤΙΣΜΟΥ ΤΩΝ ΑΝΑΝΕΩΣΙΜΩΝ ΠΗΓΩΝ ΕΝΕΡΓΕΙΑΣ, ΣΤΟ ΠΛΑΙΣΙΟ ΥΛΟΠΟΙΗΣΗΣ ΤΗΣ ΟΔΗΓΙΑΣ 2008/0016/(000)","2009","695.232",,,"ΕΤΠΑ"
"ΚΟΙΝΩΝΙΑ ΤΗΣ ΠΛΗΡΟΦΟΡΙΑΣ Α.Ε.","ΔΗΜΙΟΥΡΓΙΑ ΚΝΟ\Λ/Ι_Ε0ΘΕ ΡΟΚΤΑΙ ΜΕ ΕΥΦΥΕΙΣ ΥΠΗΡΕΣΙΕΣ ΤΑΞΙΝΟΜΗΣΗΣ ΚΑΙ ΑΝΑΖΗΤΗΣΗΣ ΠΕΡΙΕΧΟΜΕΝΟΥ ΓΙΑ ΚΑΝΟΝΙΣΤΙΚΕΣ ΚΑΙ ΣΥΝΑΦΕΙΣ ΥΠΟΘΕΣΕΙΣ","2009","306.192",,,"ΕΤΠΑ"
"ΚΟΙΝΩΝΙΑ ΤΗΣ ΠΛΗΡΟΦΟΡΙΑΣ Α.Ε.","ΔΙΑΔΙΚΤΥΑΚΗ ΠΥΛΗ ΥΠΗΡΕΣΙΩΝ ΗΛΕΚΤΡΟΝΙΚΗΣ ΕΚΠΑΙΔΕΥΣΗΣ (Ε-ΙΕΑΚΝΙΝΘ δΕΚνίΟΕδ ΡΟΚΤΑΙ) ΚΑΙ ΥΠΗΡΕΣΙΕΣ ΔΗΜΟΣΙΟΤΗΤΑΣ ΤΗΣ ΓΕΝΙΚΗΣ ΓΡΑΜΜΑΤΕΙΑΣ ΙΣΟΤΗΤΑΣ","2009","786.680",,,"ΕΤΠΑ"
"ΚΟΙΝΩΝΙΑ ΤΗΣ ΠΛΗΡΟΦΟΡΙΑΣ Α.Ε.","ΥΠΗΡΕΣΙΕΣ ΓΙΑ ΤΗΝ ΗΛΕΚΤΡΟΝΙΚΗ ΥΠΟΒΟΛΗ, ΤΟΝ ΕΛΕΓΧΟ ΚΑΙ ΤΗΝ ΕΠΕΞΕΡΓΑΣΙΑ ΤΩΝ ΔΗΛΩΣΕΩΝ ΠΕΡΙΟΥΣΙΑΚΗΣ ΚΑΤΑΣΤΑΣΗΣ ΤΩΝ ΥΠΟΧΡΕΩΝ ΤΟΥ Ν.3613/07","2009","369.200",,,"ΕΤΠΑ"
"ΚΟΙΝΩΝΙΑ ΤΗΣ ΠΛΗΡΟΦΟΡΙΑΣ Α.Ε.","ΨΗΦΙΑΚΗ ΕΙΚΟΝΑ ΥΠΟΥΡΓΕΙΟΥ ΤΟΥΡΙΣΤΙΚΗΣ ΑΝΑΠΤΥΞΗΣ","2009","1.738.080",,,"ΕΤΠΑ"
"ΚΟΙΝΩΝΙΑ ΤΗΣ ΠΛΗΡΟΦΟΡΙΑΣ Α.Ε.","ΗΛΕΚΤΡΟΝΙΚΗ ΚΑΡΤΑ ΑΣΦΑΛΙΣΗΣ ΕΤΑΑ","2009","7.043.200",,,"ΕΤΠΑ"
"ΚΟΙΝΩΝΙΑ ΤΗΣ ΠΛΗΡΟΦΟΡΙΑΣ Α.Ε.","ΕΘΝΙΚΟ ΛΗΞΙΑΡΧΕΙΟ","2009","25.480.480",,,"ΕΤΠΑ"
"ΚΟΙΝΩΝΙΑ ΤΗΣ ΠΛΗΡΟΦΟΡΙΑΣ Α.Ε.","ΨΗΦΙΑΚΟΣ ΜΟΧΛΟΣ ΕΝΔΥΝΑΜΩΣΗΣ ΥΠΗΡΕΣΙΩΝ ΠΡΟΣ ΕΠΙΧΕΙΡΗΣΕΙΣ & ΒΕΛΤΙΩΣΗ ΑΠΟΤΕΛΕΣΜΑΤΙΚΟΤΗΤΑΣ ΤΟΥ ΥΠΟΥΡΓΕΙΟΥ ΑΝΑΠΤΥΞΗΣ ΜΕ ΧΡΗΣΗ ΤΠΕ","2009","17.040.000",,,"ΕΤΠΑ"
"ΚΟΙΝΩΝΙΑ ΤΗΣ ΠΛΗΡΟΦΟΡΙΑΣ Α.Ε.","ΤΕΧΝΙΚΗ ΥΠΟΣΤΗΡΙΞΗ ΕΦΑΡΜΟΓΗΣ-ΔΡΑΣΕΙΣ ΠΡΟΕΤΟΙΜΑΣΙΑΣ, ΕΦΑΡΜΟΓΗΣ, ΠΑΡΑΚΟΛΟΥΘΙΗΣΗΣ ΚΑΙ ΕΠΙΘΕΩΡΗΣΗΣ ΤΩΝ ΠΡΑΞΕΩΝ, ΑΞΙΟΛΟΓΗΣΗ, ΜΕΛΕΤΕΣ, ΠΛΗΡΟΦΟΡΗΣΗ ΚΑΙ ΕΠΙΚΟΙΝΩΝΙΑ ΤΟΥ ΕΠΙΧΕΙΡΗΣΙΑΚΟΥ ΠΡΟΓΡΑΜΜΑΤΟΣ ΨΗΦΙΑΚΗ ΣΥΓΚΛΙΣΗ 2007-2013","2009","1.988.000",,,"ΕΤΠΑ"
"ΚΟΙΝΩΝΙΑ ΤΗΣ ΠΛΗΡΟΦΟΡΙΑΣ Α.Ε.","ΗΛΕΚΤΡΟΝΙΚΟ ΜΗΤΡΩΟ ΕΠΙΧΕΙΡΗΣΕΩΝ ΤΠΕ-ϋΙΚΕΟΤΟΚΥ ΚΛΑΔΟΥ ΤΠΕ","2009","2.486.704",,,"ΕΤΠΑ"
"ΚΟΙΝΩΝΙΑ ΤΗΣ ΠΛΗΡΟΦΟΡΙΑΣ Α.Ε.","ΨΗΦΙΑΚΗ ΠΛΑΤΦΟΡΜΑ ΣΥΛΛΟΓΗΣ ΚΑΙ ΔΙΑΧΥΣΗΣ ΤΕΧΝΟΓΝΩΣΙΑΣ ΤΠΕ ΣΤΗΝ ΚΟΙΝΩΝΙΑ ΤΗΣ ΓΝΩΣΗΣ","2009","2.115.800",,,"ΕΤΠΑ"
"ΚΟΙΝΩΝΙΑ ΤΗΣ ΠΛΗΡΟΦΟΡΙΑΣ Α.Ε.","ΨΗΦΙΑΚΟΣ ΑΡΩΓΟΣ ΕΠΙΧΕΙΡΗΜΑΤΙΚΟΤΗΤΑΣ ΚΛΑΔΟΥ ΤΠΕ ΣΤΗΝ ΚΟΙΝΩΝΙΑ ΤΗΣ ΓΝΩΣΗΣ","2009","1.416.024",,,"ΕΤΠΑ"
"ΚΟΙΝΩΝΙΑ ΤΗΣ ΠΛΗΡΟΦΟΡΙΑΣ Α.Ε.","ΑΝΑΠΤΥΞΗ ΟΛΟΚΛΗΡΩΜΕΝΩΝ ΨΗΦΙΑΚΩΝ ΥΠΗΡΕΣΙΩΝ ΠΟΥ ΕΝΙΣΧΥΟΥΝ ΤΗ ΣΥΜΒΟΛΗ ΤΟΥ ΚΛΑΔΟΥ ΤΠΕ ΣΤΗΝ ΕΛΛΗΝΙΚΗ ΟΙΚΟΝΟΜΙΑ","2009","844.235",,,"ΕΤΠΑ"
"ΚΟΙΝΩΝΙΑ ΤΗΣ ΠΛΗΡΟΦΟΡΙΑΣ Α.Ε.","ΣΧΕΔΙΑΣΜΟΣ ΚΑΙ ΑΝΑΠΤΥΞΗ ΤΟΥ ΠΛΗΡΟΦΟΡΙΑΚΟΥ ΣΥΣΤΗΜΑΤΟΣ ΕΝΙΣΧΥΣΗΣ ΤΗΣ ΤΕΧΝΟΓΝΩΣΙΑΣ ΚΑΙ ΤΗΣ ΕΞΩΣΤΡΕΦΕΙΑΣ ΤΩΝ ΕΠΑΓΓΕΛΜΑΤΙΩΝ ΚΑΙ ΤΩΝ ΕΠΙΧΕΙΡΗΣΕΩΝ ΤΟΥ ΚΛΑΔΟΥ ΤΠΕ","2009","1.664.240",,,"ΕΤΠΑ"
"ΝΟΜΑΡΧΙΑΚΗ ΑΥΤΟΔΙΟΙΚΗΣΗ ΑΡΚΑΔΙΑΣ","ΒΕΛΤΙΩΣΗ ΟΔΙΚΗΣ ΑΣΦΑΛΕΙΑΣ ΝΟΜΑΡΧΙΑΚΗΣ ΑΥΤΟΔΙΟΙΚΗΣΗΣ ΑΡΚΑΔΙΑΣ ΜΕΣΩ ΚΑΛΥΤΕΡΗΣ ΕΠΟΠΤΕΙΑΣ ΕΡΓΩΝ/ ΔΙΚΤΥΩΝ & ΟΔΙΚΩΝ ΣΥΜΒΑΝΤΩΝ","2009","377.400",,,"ΕΤΠΑ"
"ΝΟΜΑΡΧΙΑΚΗ ΑΥΤΟΔΙΟΙΚΗΣΗ ΗΡΑΚΛΕΙΟΥ","ΔΙΑΔΡΑΣΤΙΚΗ ΕΚΘΕΣΗ ΠΟΛΥΜΕΣΩΝ,  ΜΕ ΣΤΟΧΟ ΤΗΝ ΑΝΑΔΕΙΞΗ ΤΗΣ ΠΟΛΙΤΙΣΤΙΚΗΣ ΚΛΗΡΟΝΟΜΙΑΣ ΤΗΣ ΝΟΜΑΡΧΙΑΣ ΗΡΑΚΛΕΙΟΥ","2009","500.000",,,"ΕΤΠΑ"
"ΝΟΜΑΡΧΙΑΚΗ ΑΥΤΟΔΙΟΙΚΗΣΗ ΚΟΡΙΝΘΙΑΣ","ΔΗΜΙΟΥΡΓΙΑ ΠΛΑΤΦΟΡΜΑΣ ΜΕ ΣΚΟΠΟ ΤΗΝ ΕΝΔΥΝΑΜΩΣΗ ΤΗΣ ΣΥΜΜΕΤΟΧΗΣ ΤΩΝ ΠΟΛΙΤΩΝ ΣΤΗΝ ΔΙΑΔΙΚΑΣΙΑ ΛΗΨΗΣ ΑΠΟΦΑΣΕΩΝ (Ε-ϋΕΜΟΟΚΑΟΥ, Ε-ΡΑΚΤΙΟΙΡΑΤΙΟΝ)","2009","200.000",,,"ΕΤΠΑ"
"ΝΟΜΑΡΧΙΑΚΗ ΑΥΤΟΔΙΟΙΚΗΣΗ ΚΟΡΙΝΘΙΑΣ","ΑΝΑΠΤΥΞΗ ΣΥΣΤΗΜΑΤΟΣ ΠΛΗΡΟΦΟΡΗΣΗΣ ΟΔΗΓΩΝ/ ΕΠΙΣΚΕΠΤΩΝ ΚΑΙ ΚΑΙΝΟΤΟΜΕΣ ΔΡΑΣΕΙΣ ΕΝΗΜΕΡΩΣΗΣ ΠΟΛΙΤΩΝ ΜΕΣΩ ΕΝΑΛΛΑΚΤΙΚΩΝ ΚΑΝΑΛΙΩΝ ΠΑΡΟΧΗΣ ΥΠΗΡΕΣΙΩΝ ΓΙΑ ΤΗ ΝΑ ΚΟΡΙΝΘΙΑΣ","2009","600.000",,,"ΕΤΠΑ"
"ΝΟΜΑΡΧΙΑΚΗ ΑΥΤΟΔΙΟΙΚΗΣΗ ΛΑΚΩΝΙΑΣ","ΕΚΥΕ: ΠΑΡΟΧΗ ΨΗΦΙΑΚΩΝ ΥΠΗΡΕΣΙΩΝ ΓΙΑ ΤΗΝ ΕΞΥΠΗΡΕΤΗΣΗ ΕΠΕΝΔΥΤΩΝ ΚΑΙ ΕΠΙΧΕΙΡΗΣΕΩΝ ΑΠΟ ΤΗ ΝΟΜΑΡΧΙΑ ΛΑΚΩΝΙΑΣ","2009","450.000",,,"ΕΤΠΑ"
"ΝΟΜΑΡΧΙΑΚΗ ΑΥΤΟΔΙΟΙΚΗΣΗ ΜΑΓΝΗΣΙΑΣ","ΕΦΑΡΜΟΓΕΣ ΗΛΕΚΤΡΟΝΙΚΗΣ ΕΠΙΚΟΙΝΩΝΙΑΣ ΓΙΑ ΤΗ ΒΕΛΤΙΩΣΗ ΤΗΣ ΠΟΙΟΤΗΤΑΣ ΤΗΣ ΔΗΜΟΚΡΑΤΙΑΣ","2009","300.000",,,"ΕΤΠΑ"
"ΝΟΜΑΡΧΙΑΚΗ ΑΥΤΟΔΙΟΙΚΗΣΗ ΜΑΓΝΗΣΙΑΣ","ΠΡΟΛΗΨΗ ΦΥΣΙΚΩΝ ΚΑΤΑΣΤΡΟΦΩΝ ΚΑΙ ΠΡΟΣΤΑΣΙΑ ΥΔΑΤΙΝΩΝ ΠΟΡΩΝ","2009","520.000",,,"ΕΤΠΑ"
"ΝΟΜΑΡΧΙΑΚΗ ΑΥΤΟΔΙΟΙΚΗΣΗ ΠΡΕΒΕΖΑΣ","ΔΙΑΔΡΑΣΤΙΚΑ ΕΡΓΑΛΕΙΑ ΓΙΑ ΤΗ ΔΙΑΘΕΣΗ ΗΛΕΚΤΡΟΝΙΚΩΝ ΥΠΗΡΕΣΙΩΝ ΚΑΤΑΡΤΙΣΗΣ, ΕΠΙΜΟΡΦΩΣΗΣ ΚΑΙ ΨΗΦΙΑΚΗΣ ΕΝΣΩΜΑΤΩΣΗΣ ΕΙΔΙΚΩΝ ΚΟΙΝΩΝΙΚΩΝ ΟΜΑΔΩΝ ΣΤΟ ΝΟΜΟ ΠΡΕΒΕΖΑΣ","2009","300.000",,,"ΕΤΠΑ"
"ΝΟΜΑΡΧΙΑΚΗ ΑΥΤΟΔΙΟΙΚΗΣΗ ΡΕΘΥΜΝΟΥ","ΟΛΟΚΛΗΡΩΜΕΝΟ ΣΥΣΤΗΜΑ ΕΓΚΑΙΡΟΥ ΕΝΤΟΠΙΣΜΟΥ ΚΑΙ ΑΠΟΤΡΟΠΗΣ ΦΥΣΙΚΩΝ ΚΑΤΑΣΤΡΟΦΩΝ ΣΤΟΝ ΝΟΜΟ ΡΕΘΥΜΝΟΥ","2009","1.020.000",,,"ΕΤΠΑ"
"ΝΟΜΑΡΧΙΑΚΗ ΑΥΤΟΔΙΟΙΚΗΣΗ ΣΑΜΟΥ","ΟΛΟΚΛΗΡΩΜΕΝΟ ΣΥΣΤΗΜΑ ΕΓΚΑΙΡΟΥ ΕΝΤΟΠΙΣΜΟΥ ΚΑΙ ΑΠΟΤΡΟΠΗΣ ΦΥΣΙΚΩΝ ΚΑΤΑΣΤΡΟΦΩΝ ΣΤΟΝ ΝΟΜΟ ΣΑΜΟΥ","2009","1.020.000",,,"ΕΤΠΑ"
"ΠΑΝΕΠΙΣΤΗΜΙΟ ΠΑΤΡΑΣ","ΤΟ ΨΗΦΙΑΚΟ ΑΛΜΑ ΤΟΥ ΠΑΝΕΠΙΣΤΗΜΙΟΥ ΠΑΤΡΩΝ: ΗΛΕΚΤΡΟΝΙΚΕΣ ΥΠΗΡΕΣΙΕΣ ΜΙΑΣ ΣΤΑΣΗΣ","2009","3.056.515",,,"ΕΤΠΑ"
"ΠΕΡΙΦΕΡΕΙΑ ΑΝ. ΜΑΚ.ΘΡΑΚΗΣ","ΔΙΚΤΥΟ ΠΡΟΣΤΑΣΙΑΣ ΚΑΙ ΔΙΑΧΕΙΡΙΣΗΣ ΥΔΑΤΙΚΩΝ ΠΟΡΩΝ ΠΕΡΙΦΕΡΕΙΑΚΟΥ ΔΙΚΤΥΟΥ ΥΔΑΤΙΚΩΝ ΔΙΑΜΕΡΙΣΜΑΤΩΝ 11 ΚΑΙ 12","2009","816.000",,,"ΕΤΠΑ"
"ΠΕΡΙΦΕΡΕΙΑ ΚΡΗΤΗΣ","ΠΛΗΡΟΦΟΡΙΑΚΟ ΣΥΣΤΗΜΑ ΗΛΕΚΤΡΟΝΙΚΗΣ ΣΥΝΕΡΓΑΣΙΑΣ ΚΑΙ ΔΙΕΚΠΕΡΑΙΩΣΗΣ ΥΠΟΘΕΣΕΩΝ ΕΠΙΧΕΙΡΗΣΕΩΝ ΚΑΙ ΠΟΛΙΤΩΝ ΤΗΣ ΠΕΡΙΦΕΡΕΙΑΣ ΚΡΗΤΗΣ.","2009","600.000",,,"ΕΤΠΑ"
"ΣΥΝΔΕΣΜΟΣ ΕΞΑΓΩΓΕΩΝ ΒΟΡΕΙΟΥ ΕΛΛΑΔΟΣ (ΣΕΒΕ)","ΑΝΑΠΤΥΞΗ ΨΗΦΙΑΚΩΝ ΕΦΑΡΜΟΓΩΝ ΓΙΑ ΤΗΝ ΠΡΟΩΘΗΣΗ ΤΗΣ ΕΞΩΣΤΡΕΦΕΙΑΣ ΤΗΣ ΕΛΛΗΝΙΚΗΣ ΟΙΚΟΝΟΜΙΑΣ ΚΑΙ ΤΩΝ ΕΛΛΗΝΙΚΩΝ ΕΠΙΧΕΙΡΗΣΕΩΝ ΤΠΕ","2009","222.116",,,"ΕΤΠΑ"
"ΥΠΟΥΡΓΕΙΟ ΕΘΝΙΚΗΣ ΑΜΥΝΑΣ","ΨΗΦΙΟΠΟΙΗΣΗ ΤΕΚΜΗΡΙΩΣΗ ΚΑΙ ΑΝΑΔΕΙΞΗ ΙΣΤΟΡΙΚΟΥ ΑΡΧΕΙΟΥ ΥΠΗΡΕΣΙΑΣ ΙΣΤΟΡΙΑΣ ΝΑΥΤΙΚΟΥ","2009","681.600",,,"ΕΤΠΑ"
"ΥΠΟΥΡΓΕΙΟ ΕΘΝΙΚΗΣ ΑΜΥΝΑΣ","ΨΗΦΙΟΠΟΙΗΣΗ ΤΕΚΜΗΡΙΩΣΗ ΚΑΙ ΑΝΑΔΕΙΞΗ ΙΣΤΟΡΙΚΟΥ ΑΡΧΕΙΟΥ ΥΠΗΡΕΣΙΑΣ ΣΤΡΑΤΙΩΤΙΚΩΝ ΑΡΧΕΙΩΝ","2009","1.434.200",,,"ΕΤΠΑ"
"ΥΠΟΥΡΓΕΙΟ ΕΘΝΙΚΗΣ ΑΜΥΝΑΣ","ΠΛΗΡΟΦΟΡΙΑΚΟ ΣΥΣΤΗΜΑ ΗΛΕΚΤΡΟΝΙΚΩΝ ΠΡΟΜΗΘΕΙΩΝ (Ε-ΡΚΟΟυΚΕΜΕΝΤ)","2009","1.283.680",,,"ΕΤΠΑ"
"ΥΠΟΥΡΓΕΙΟ ΕΘΝΙΚΗΣ ΑΜΥΝΑΣ","ΠΛΗΡΟΦΟΡΙΑΚΟ ΣΥΣΤΗΜΑ ΔΙΑΧΕΙΡΙΣΗΣ ΕΞΟΠΛΙΣΜΟΥ, ΣΥΣΤΗΜΑΤΩΝ, ΣΥΣΚΕΥΩΝ ΚΑΙ ΥΛΙΚΩΝ ΠΟΛΕΜΙΚΩΝ ΠΛΟΙΩΝ & ΝΑΥΤΙΚΩΝ ΥΠΗΡΕΣΙΩΝ - ΠΑΡΑΚΟΛΟΥΘΗΣΗ ΚΥΚΛΟΥ ΛΕΙΤΟΥΡΓΙΑΣ ΚΑΙ ΣΥΝΤΗΡΗΣΗΣ","2009","458.984",,,"ΕΤΠΑ"
"ΥΠΟΥΡΓΕΙΟ ΕΘΝΙΚΗΣ ΑΜΥΝΑΣ","ΓΕΩΓΡΑΦΙΚΟ ΠΛΗΡΟΦΟΡΙΑΚΟ ΣΥΣΤΗΜΑ ΦΑΡΙΚΟΥ ΔΙΚΤΥΟΥ ΕΛΛΗΝΙΚΩΝ ΘΑΛΑΣΣΩΝ","2009","1.800.000",,,"ΕΤΠΑ"
"ΨΗΦΙΑΚΕΣ ΕΝΙΣΧΥΣΕΙΣ ΑΕ","ΤΕΧΝΙΚΗ ΥΠΟΣΤΗΡΙΞΗ ΕΝΔΙΑΜΕΣΟΥ ΦΟΡΕΑ ΔΙΑΧΕΙΡΙΣΗΣ (ΨΗΦΙΑΚΕΣ ΕΝΙΣΧΥΣΕΙΣ Α.Ε.) ΓΙΑ ΤΗΝ ΚΑΛΥΨΗ ΛΕΙΤΟΥΡΓΙΚΩΝ ΔΑΠΑΝΩΝ ΚΑΙ ΔΑΠΑΝΩΝ ΑΜΟΙΒΩΝ ΠΡΟΣΩΠΙΚΟΥ ΤΗΣ ΓΙΑ ΤΗΝ ΠΡΟΓΡΑΜΜΑΤΙΚΗ ΠΕΡΙΟΔΟ 2007-2013","2009","3.408.000",,,"ΕΤΠΑ"
"ΨΗΦΙΑΚΕΣ ΕΝΙΣΧΥΣΕΙΣ ΑΕ","ΦΟΡΗΤΟΣ ΜΑΘΗΤΙΚΟΣ ΥΠΟΛΟΓΙΣΤΗΣ","2009","26.313.570",,,"ΕΤΠΑ"
