"Nr.p.k.","Finansējuma saņēmējs","Finansējuma saņēmēja juridiskā adrese","Projekta nosaukums","Īstenošanas vieta","Projekta apstiprināšanas datums","Darbības programmas aktivitāte","Kopsavilkums par projekta ietvaros veicamajām darbībām","Projekta kopējās attiecināmās izmaksas","ERAF  finansējums","Valsts budžeta dotācija pašvaldībām","Pašvaldības budžeta finansējums","Projekta īstenošanas laiks (mēn.)","Finansējuma saņēmēja publicitātes pasākumi"
1,"Valmieras pilsētas pašvaldība","Lāčplēša iela 2, Valmieras pilsēta, Valmieras rajons, LV-4201","Sociālās dzīvojamās mājas Valmierā Purva ielā 13 energoefektivitātes paaugstināšana","Valmieras pilsētas pašvaldība",18/09/08,"Sociālo dzīvojamo māju siltumnoturības uzlabošanas pasākumi","Valmieras pilsētas pašvaldības darbība un budžets tiek plānots un ir cieši saistīts ar Latvijas Republikas normatīvajiem aktiem, kas regulē pašvaldību darbību, Valmieras pilsētas pašvaldības nolikumu un Valmieras pilsētas sociāli ekonomiskās attīstības programmu (2008.-2014.gadam), kā arī ņemot vērā pilsētas attīstības tendences un nepieciešamību nodrošināt iedzīvotājus ar kvalitatīviem un mūsdienīgiem pakalpojumiem. 
Valmieras pilsētas sociāli ekonomiskās attīstības programmas 2008.-2014.gadam stratēģiskā virziena – Nodrošināt Valmieras pilsētas iedzīvotājus un uzņēmumus ar inženiertehniskajiem pakalpojumiem pieprasītā apjomā un atbilstošā kvalitātē par iespējami zemām cenām mērķu programmu: 
Energotaupības pasākumi ēku siltumpatēriņa samazināšanai;
Nekustamā īpašuma apsaimniekošana,
ietvaros plānoti vairāki projekti un aktivitātes, kas saistīti ar ēku energoefektivitātes paaugstināšanu. Balstoties uz augšminēto programmu Valmieras pilsētas pašvaldība ir identificējusi nepieciešamību 2008.gadā veikt sociālās dzīvojamās mājas Purva ielā 13, Valmierā renovāciju un energoefektivitātes veicināšanu, jo ēka pieņemta ekspluatācijā 1977.gadā un līdz šim vērā ņemami ēkas renovācijas darbi nav veikti.
Projekta īstenošanai nepieciešamās darbības jau ir uzsāktas. 2008.gadā ēkai Purva ielā 13 ir veikts energoaudits un pamatojoties uz šo energoauditu 2008.gadā tika izstrādāts tehniskais projekts ēkas renovācijai. Pamatojoties uz izstrādāto tehnisko projektu tajā noteiktajiem darbu apjomiem tiks veikta iepirkuma procedūra ēkas renovācijas darbiem, kurus plānots uzsākt 2008.gada septembrī un pabeigt 2009.gada janvārī.
Ēkas (4049 m2 kopējā apkurināmā platība) energoefektivitātes paaugstināšanai projekta ietvaros plānots veikt logu (apmēram 111 gab.) un ārdurvju nomaiņu, jumta siltumizolēšanu (apmēram 67 m2), ēkas gala sienu siltināšanu (apmēram 705 m2), virspamatu siltināšanu (apmēram 226 m2), lodžiju aizbūvēšanu (200 m2) un ieejas mezgla sakārtošanu uzstādot ratiņu vertikālās pacelšanas mehānismu (1 gab.). 
Valmieras pilsētas pašvaldības 2008.gada budžetā paredzēts līdzfinansējums 50 000,- LVL šī projekta īstenošanai. Papildus energoefektivitātes paaugstināšanas darbiem, ēku nepieciešams pielāgot mūsdienu prasībām un vajadzībām, tas ir, cilvēkiem ar īpašām vajadzībām, kas prasīs papildus finansējuma piesaisti arī 2009.gadā. Lai visus plānotos darbus varētu paveikt, ļoti būtiski ir rast iespēju piesaistīt citus finanšu avotus pilsētai nozīmīgo projektu īstenošanai, ne tikai pašvaldības budžeta līdzekļus.
","147 121,74","108 428,71","11 034,13","27658,90","10 mēneši","http://www.valmiera.lv/index.php?option=com_content&task=view&id=62&Itemid=528"
2,"Balvu novada pašvaldība","Bērzpils iela 1a, Balvi, LV-4501","Sociālās dzīvojamās mājas Balvos, Daugavpils ielā 73a, energoefektivitātes paaugstināšana","Balvi",18/09/08,"Sociālo dzīvojamo māju siltumnoturības uzlabošanas pasākumi","Projekta mērķis ir pašvaldības sociālā dzīvojamā fonda energoefektivitātes palielināšana, uzlabojot tā kvalitāti un ilgtspēju, nodrošinot sociālās atstumtības riskam pakļautās iedzīvotāju grupas ar atbilstošu mājokli. 
Balvu pilsētā, Daugavpils ielā 73a, atrodas pašvaldības sociālā dzīvojamā māja, kurai nav veikti energoefektivitātes paaugstināšanas pasākumi. Ēka nav pielāgota cilvēkiem ar nopietniem kustību traucējumiem.
Situācijas izvērtēšanai 2008.gadā tika veikti ēkas energoaudits un tehniskā apsekošana. Ir izstrādāts darbības plāns energoefektivitātes paaugstināšanai un pielāgošanai personām ar kustību traucējumiem saskaņā ar energoaudita un tehniskās apsekošanas atzinumiem un ieteikumiem.
Energoaudita novērtējumā sociālajai dzīvojamajai mājai Balvos, Daugavpils ielā 73a, tika konstatēts, ka, realizējot sociālās dzīvojamās mājas energoefektivitātes uzlabošanas pasākumus, iegūs 44% siltumenerģijas ietaupījumu. Ieteiktais pasākumu komplekss energoefektivitātes paaugstināšanai liek pievērsties ēkas sienu un jumta siltināšanai, logu un durvju remontam vai nomaiņai. Tarifu paaugstināšanās kontekstā ietaupījums pieaugs un ieguldījumi ātrāk atmaksāsies. 
Ja atjaunošanas darbi netiks veikti, energoresursu patēriņš tikai pieaugs, palielinot izmaksas. Pasliktināsies ēkas stāvoklis, sadārdzinot remontizmaksas. Papildus siltumnoturības pasākumiem ir jāveic arī vairāki renovācijas darbi, lai sasniegtu maksimālu efektivitāti un nodrošinātu ieviesto pasākumu ilglaicību.
Lai sasniegtu pamatmērķi, jāveic šādas darbības:
Sociālās dzīvojamās mājas Balvos, Daugavpils ielā 73a, atjaunošana, veicot energoauditā norādītos pasākumus, (aktivitātes tiek numurētas):
1. Fasādes siltināšana (pa perimetru).
2. Logu un durvju nomaiņa.
3. Jumta pārseguma siltināšana.
Rezultāts: tiek nodrošināta siltuma ietaupīšana.
Drošības līmeņa paaugstināšana ēkas ekspluatācijā:
4. Apkures sistēmas rekonstrukcija.
5. Iekšējās elektroapgādes sistēmas renovācija.
6. Ventilācijas sistēmas renovācija.
7. Ugunsdrošības sistēmas ierīkošana.
Rezultāts: tiek vairākkārtīgi palielināts elektrodrošības un ugunsdrošības līmenis, uzlabota dzīves vide, samazināta iespējamo avāriju notikšanas iespējamība.
Ēkas pieejamības paaugstināšana un vienlīdzīgu iespēju nodrošināšana cilvēkiem ar kustību funkcionāliem traucējumiem:
8. Pacēlāja pie kāpņu margām ierīkošana.
Rezultāts: varēs piedāvāt vienlīdzīgas iespējas uz dzīvojamo platību arī cilvēkiem ar nopietniem kustību traucējumiem.
Sabiedrības un sociālās dzīvojamās mājas iemītnieku informēšanai par projekta norisēm un enerģijas taupīšanas iespējām:
9. Projekta publicitātes un informācijas pasākumi:
9.1. Informatīvais stends pie sociālās dzīvojamās mājas Balvos, Daugavpils ielā 73a.
9.2. Informatīvie plakāti.
9.3. Preses relīzes.
9.4. Televīzijas sižeti (1 Latvijas televīzijā un 1 Latgales televīzijā).
9.5. Informācijas ievietošana Balvu pilsētas Internet mājas lapā www.balvi.lv. 
9.6. Informatīvā plāksne pie sociālās dzīvojamās mājas Balvos, Daugavpils ielā 73a pēc būvdarbu beigšanās.
9.7. Informatīvs buklets.
Veicot visus iepriekšminētos darbus Balvu pilsētā (teritorijas attīstības indekss ir -0,653) tiks būtiski uzlabotas pašvaldības sociālo dienestu iespējas piedāvāt mazturīgajiem un cilvēkiem ar funkcionāliem kustību traucējumiem piemērotus dzīves apstākļus par iespējami mazām izmaksām.
","186 700, 00 Ls","140 000, 00 Ls","18 666, 67 Ls","28 033,33 LS","9 mēneši","http://www.balvi.lv/i.php?d=231"
3,"Krāslavas novada dome","Rīgas ielā 51, Krāslavā, LV-5601","Sociālās dzīvojamās mājas Krāslavā, Sporta ielā 2/1, energoefektivitātes uzlabošanas pasākumi","Krāslava",29/12/08,"Sociālo dzīvojamo māju siltumnoturības uzlabošanas pasākumi","Sociālā dzīvojamā māja Krāslavā, Sporta ielā 2/1, ir Krāslavas novada domes bilancē esošā ēka, kas ekspluatācijā nodota 1978.gadā. Ēkai ir trīs stāvi un divas sekcijas. Ēkā ir 24 vienistabu dzīvokļi ar kopējo platību 596,0 m2 un dzīvojamo platību 321,06 m2.
22 (91%) dzīvokļi ir izīrēti personām, kas reģistrēti pašvaldībā, lai saņemtu palīdzību dzīvokļa jautājuma risināšanai. Kopējais cilvēku skaits, kas ir reģistrēts Krāslavas sociālajā mājā, ir 38 cilvēki. 
Saskaņā ar ēkas energoaudita atskaitē iekļauto tehnisko atzinumu ēkas tehniskais stāvoklis ir neapmierinošs.
Projekta „Sociālās dzīvojamās mājas Krāslavā, Sporta ielā 2/1, energoefektivitātes uzlabošanas pasākumi” ietvaros ir paredzēts veikt Krāslavas sociālās dzīvojamās mājas energoefektivitātes uzlabošanas pasākumus, kas nodrošinās ēkas energoresursu patēriņa samazināšanu un komforta līmeņa paaugstināšanu sociālās atstumtības riskam pakļautajiem mājas iedzīvotājiem.
Energoefektivitātes uzlabošanas pasākumi (logu nomaiņa dzīvokļos un kāpņu telpā, sienu un bēniņu pārseguma siltināšana, atsevišķa siltummezgla ierīkošana un pagraba un bēniņu pārseguma siltināšana) ir nepieciešami, lai samazinātu izdevumus par enerģijas resursiem, tādējādi samazinot arī izdevumus par ēkas uzturēšanu. Ņemot vērā, ka tiek novērots cenu kāpums, nav pieļaujama situācija, kad trūcīgie iedzīvotāji vēl vairāk saskarsies ar finansiālajām problēmām.
Novēršot siltumenerģijas zudumus, samazināsies arī CO2 emisijas apjoms, kas rodas siltumenerģijas ražošanas procesā. 
Papildus energoefektivitātes uzlabošanas pasākumiem ir nepieciešams veikt arī pašas mājas renovācijas pasākumu kompleksu – koplietošanas telpu un dzīvokļu pielāgošanu cilvēkiem ar kustības traucējumiem; koridoru pirmajā stāvā pielāgošanu cilvēkiem ar funkcionāliem traucējumiem; elektroinstalācijas un ugunsdrošības instalāciju ierīkošanu.
Projekta mērķu sasniegšanai un problēmas atrisinājumam projekta ietvaros ir plānotas sekojošās aktivitātes:
gala un fasādes sienu siltināšana;
bēniņu pārseguma papildus siltināšana;
jauna siltummezgla ar neatkarīgu pieslēgumu un automātisku vadības sistēmu uzstādīšana;
koplietošanas telpu un dzīvokļu atjaunošana un pielāgošana personām ar kustības traucējumiem, t.sk. pagraba pārseguma siltināšana;
logu nomaiņa dzīvokļos un kāpņu telpā, t.sk. koka durvju nomaiņa;
ugunsdzēsības sistēmas ierīkošana un elektroapgādes sistēmas renovācija.
Projektā paredzēto aktivitāšu  īstenošanas rezultātā tiks veikti ēkas energoefektivitātes un siltumnoturības paaugstinoši pasākumi sociālajā dzīvojamajā mājā Krāslavā, tiks atjaunots un kvalitatīvi uzlabots sociālais dzīvojamais fonds. 
Aktivitāšu īstenošana ietver energoresursu ietaupījumu un efektīvāku izmantošanu, kas savukārt samazina CO2 emisijas apjomu, tādā veidā nodrošinot dabas resursu saprātīgu izmantošanu un apkārtējās vides kvalitātes uzlabošanu.
Ņemot vērā ēkas energoaudita pārskatā norādīto pasākumu kompleksu attiecībā uz nepieciešamajiem siltumnoturības pasākumiem, var secināt, ka gada laikā ēkas energoreitings no L līmeņa paaugstināsies līdz D līmenim, t.i. enerģijas ietaupījums ir līdz 38%.
Projekta īstenošanas laikā Krāslavas novada dome kā atbalsta saņēmējs darbu norises vietā uzstādīs informatīvu stendu ar informāciju par ES un atsauci uz attiecīgo fondu – „Eiropas Reģionālās attīstības fonds”. Ne vēlāk kā sešus mēnešus pēc projekta aktivitāšu pabeigšanas, sociālās dzīvojamās mājas telpās tiks uzstādīta stacionāra informatīvā plāksne ar attiecīgo informāciju par ES un ERAF, kā arī darbības veidu un nosaukumu. Par projekta aktivitātēm reizi ceturksnī tiks sagatavoti un publicēti raksti vietējos preses izdevumos – Krāslavas novada domes izdevumā „Krāslavas Vēstis” un Krāslavas novada portālā – www.kraslava.lv.","187 907, 24 Ls","140 000, 00 Ls","23 333, 00 Ls","24 574, 24 Ls","18 mēneši","http://www.kraslava.lv/12/?no_cache=1&tx_ttnews[pointer]=2&tx_ttnews[tt_news]=849&tx_ttnews[backPid]=54&cHash=be0ebebb5c"
4,"Daugavpils pilsētas dome","K.Valdemāra ielā 1, Daugavpilī, LV-5401","Daugavpils sociālās dzīvojamās mājas Šaura ielā 28 siltumnoturības uzlabošanas pasākumi (1.etaps)","Daugavpils",18/09/08,"Sociālo dzīvojamo māju siltumnoturības uzlabošanas pasākumi","Lai palielinātu Daugavpils sociālās dzīvojamās mājas Šaurā ielā 28 energoefektivitāti, uzlabojot tās kvalitāti un nodrošinot sociālās atstumtības riskam pakļautās iedzīvotāju grupas ar atbilstošu mājokli, Daugavpils pilsētas dome izstrādāja projektu „Daugavpils sociālās dzīvojamās mājas Šaura ielā 28 siltumnoturības uzlabošanas pasākumi (1.etaps)”. Projekta ietvaros plānoti ēkas renovācijas darbi, tai skaitā: 
- jumta atjaunošana un siltināšana ar siltuma izolācijas materiāliem;
- logu un ārējo durvju nomaiņa, aiļu apdare, palodžu uzstādīšana;
- telpu atjaunošana: telpu apdare ar tapetēm un krāsošana;
- radiatoru reflektoru uzstādīšana aiz radiatoriem;
- ieeju atjaunošana un  pielāgošana personām ar funkcionāliem traucējumiem.
Tiks organizēti informācijas un publicitātes pasākumi par projekta īstenošanu. Realizējot projektu būs iespēja nodrošināt sociālās mājas bezavārijas ekspluatāciju, ievērojami samazināt energoresursu patēriņu maznodrošinātajiem, daudzbērnu ģimenēm un cilvēkiem ar īpašām vajadzībām, un radīt viņiem mūsdienu prasībām atbilstošus dzīves  apstākļus. Daugavpils Sociālās dzīvojamās mājas Šaurā iela 28 renovācijas vai rekonstrukcijas darbu, kā arī citu papildus nepieciešamo pasākumu ēkas tehniskā stāvokļa uzlabošanai īstenošanas rezultātā iegūtais siltumenerģijas ietaupījums procentos no esošā siltumenerģijas patēriņa ir 31,1 %.","186 666, 67 Ls","140 000, 00 Ls","14 000, 00 Ls","32 666, 67 Ls","15 mēneši","http://www.daugavpils.lv/?load=1&newsId=6769"
5,"Tukumanovada Dome","Pils ielā 18, Tukumā, LV-3101","Sociālās dzīvojamās mājas Celtnieku ielā 3, Tukumā, siltumnoturības uzlabošanas pasākumi","Tukums",29/12/08,"Sociālo dzīvojamo māju siltumnoturības uzlabošanas pasākumi","Sociālā dzīvojamā māja Celtnieku ielā 3 ir Tukuma pilsētas Domes bilancē esošā ēka, kas ekspluatācijā nodota 1983.gadā. Ēkai ir pieci dzīvojamie stāvi, pagraba stāvs un bēniņu stāvs. Kopumā mājā ir izvietoti 74 dzīvokļi ar lietderīgo platību 3 194,5 kvm.
Kopš 1995.gada ēkai piešķirts sociālās dzīvojamās mājas statuss. Šajā daudzdzīvokļu mājā ir 100% izmitinātas maznodrošinātas personas, kurām ir finansiālās grūtības. Sociālo dzīvokļu īres maksa tiek segta no Tukuma pašvaldības budžeta līdzekļiem saskaņā ar normatīvajiem aktiem un ņemot vērā sociālās dzīvojamās mājas īrnieku ienākumu līmeni.
Saskaņā ar energoaudita pārskatā iekļauto tehnisko atzinumu būves tehniskais nolietojums ir novērtēts uz 50%. Energoaudita ietvaros tika konstatētas sekojošās problēmas:
ēkas apmales (cokola daļas) siltumizolācija ir ļoti zema;
nesošo sienu neapmierinošs stāvoklis;
pagraba, bēniņu un starpstāvu neatbilstoša izolācija, pārsegumi sliktā stāvoklī;
jumts avārijas stāvoklī;
lodžiju/balkonu un logu/durvju tehniskais stāvoklis ir slikts;
apkures sistēma ir novecojusi.

Ņemot vērā, energoaudita ietvaros konstatētas problēmas, noteikti sekojoši neatliekami veicamie pasākumi:
ēkas (fasādes) siltināšana;
logu un durvju nomaiņa;
bēniņu un pagraba remonts,
ēkas apmales (cokola daļas) siltināšana;
jumta remonts un izolācija;
siltumapgādes sistēmas uzlabošana.

Projekta ietvaros plānoti sekojoši publicitātes pasākumi:
informācijas sagatavošana par projektu un publicēšana vietējos masu mēdijos;
informācijas par projekta ieviešanas gaitu un plānotiem ieguvumiem publicēšana Tukuma pilsētas mājas lapā;
plāksnes ar ES fondu logo izvietošana.","193 590, 70 Ls","139 385, 30 Ls","13 938, 53 Ls","40 266, 87 Ls","7 mēneši","http://www2.tukums.lv/?mn=1&f=skat_rx&id=2104"
6,"Liepājas pilsētas domes Sociālais dienests","Ed.Veidenbauma iela 3, Liepāja, LV-3401","Sociālās dzīvojamās mājas Flotes ielā 14, Liepājā, siltumnoturības uzlabošanas pasākumi","Liepāja",29/12/08,"Sociālo dzīvojamo māju siltumnoturības uzlabošanas pasākumi","Latvijas Ilgspējīgas attīstības pamatnostādnes kā vienu no prioritārajām problēmām identificē mājokļu fonda ievērojamo nolietojumu un neapmierinošo kvalitāti, norādot, ka rūpnieciski būvēto daudzdzīvokļu dzīvojamo māju norobežojošo konstrukciju siltumizolācijas spēja ir zema, siltuma patēriņš – pārmērīgs, līdz ar to mājokļu ekspluatācija ir ne tikai neekonomiska, bet arī videi nedraudzīga. 
         Sociālie mājokļi Latvijā tiek veidoti saskaņā ar likumu „Par sociāliem dzīvokļiem un sociālām dzīvojamām mājām” un paredzēti iedzīvotājiem ar zemiem ienākumiem. Līdz ar to šo mājokļu uzturēšanas pienākums nodots pašvaldībām. Atjaunojot sociālo dzīvojamo fondu un veicot tajā energoefektivitātes pasākumus, tiktu paaugstināta iedzīvotāju dzīves kvalitāte, samazināti pašvaldības izdevumi par sociālā mājokļa uzturēšanu, kas arī sekmēs vides kvalitātes paaugstināšanos un energoresursu ekonomiju. Projekta realizācija palielinās pašvaldības sociālā dzīvojamā fonda energoefektivitāti, vienlaikus ceļot tā kvalitāti un ilgtspēju, nodrošinot sociālās atstumtības riskam pakļautās iedzīvotāju grupas ar kvalitatīvu mājokli.
         Sociālā dzīvojamā māja Flotes ielā 14 ir Sociālā dienesta bilancē esoša ēka, kura nodota ekspluatācijā 1972.gadā. Ēkai ir 5 stāvi un 1 sekcija ar kopējo platību 3868,1 m2. Kopā mājā ir 146 dzīvokļi. Sociālās dzīvojamās mājas statuss ēkai piešķirts 1996.gadā.
         Esošie dzīvokļi tiek izīrēti personām (ģimenēm), kuras ir atzītas par tiesīgām īrēt sociālos dzīvokļus Likuma „Par sociāliem dzīvokļiem un sociālām dzīvojamām mājām” 5.panta kārtībā:
Sociālo dzīvokli ir tiesības īrēt personai (ģimenei), kura ir sociāli maznodrošināta (trūcīga) vai sociāli mazaizsargāta un uz kuru ir attiecināms viens no šādiem nosacījumiem: 
attiecībā uz to ir stājies likumīgā spēkā tiesas spriedums par izlikšanu no dzīvojamās telpas saskaņā ar likuma ""Par dzīvojamo telpu īri"" 29.panta pirmās daļas 2.punktu;
tā īrē pašvaldības īpašumā esošu dzīvokli un ir izteikusi vēlēšanos īrēt sociālo dzīvokli;
persona ir bārenis un nav nodrošināta ar dzīvojamo telpu.
Persona (ģimene) ir sociāli maznodrošināta (trūcīga), ja tā atzīta par tādu saskaņā ar likumu ""Par sociālo palīdzību"".
Persona (ģimene) ir sociāli mazaizsargāta, ja tā atbilst vienam no likuma ""Par valsts un pašvaldību palīdzību dzīvokļa jautājumu risināšanā"" 9.panta otrās daļas nosacījumiem.
Pašvaldība var noteikt atvieglotus nosacījumus personas (ģimenes) atzīšanai par tiesīgu īrēt sociālo dzīvokli.

Šobrīd pilnīgi visi dzīvokļi šajā mājā ir izīrēti personām, kas reģistrējušās Liepājā, lai saņemtu palīdzību dzīvokļu jautājumu risināšanā. Pašlaik mājā uzturas 194 personas, tajā skaitā ģimenes ar bērniem līdz 18 gadiem – 10, ģimenes bez bērniem – 14 un 3 daudzbērnu ģimenes. 
         Mājā dzīvo arī 59 invalīdi, no kuriem vairāki ir ar kustību traucējumiem, kuru dzīvokļi atrodas ēkas pirmajā stāvā. Uzbrauktuvi līdz ēkas pirmajam stāvam Sociālais dienests jau ir izveidojis iepriekš, tādejādi nodrošinot iekļūšanu mājā cilvēkiem ar kustību traucējumiem.
Mājā ir koplietošanas virtuves, dušas un bibliotēka. Pieejami arī medmāsas pakalpojumi.
        Sociālais dienests iedzīvotājiem sedz 2/3 ikmēneša maksājumu par īri, 50% no maksājuma par patērēto siltumenerģiju un visus maksājumus par koplietošanas telpām (elektrība virtuvē un gaiteņos, elektrība elektriskajām plītīm, ūdens virtuvēs un siltais ūdens koplietošanas dušās). Īres līgums tiek noslēgts uz laiku līdz 6 mēnešiem, ja persona nav zaudējusi likumiskās tiesības īrēt sociālo dzīvokli, īres līgums tiek pagarināts. Dzīvokļa lietošanas kārtību nosaka īres līgums un Sociālās dzīvojamās mājas iekšējie kārtības noteikumi.
        Saskaņā ar ēkas energoaudita atskaitē iekļauto tehnisko atzinumu ēkas tehniskais stāvoklis ir uzskatāms par neapmierinošu. Ēkas energoefektivitātes rādītāju uzlabošanai, projekta ietvaros plānots veikt sekojošas aktivitātes:
gala fasādes sienu siltināšanu;
sānu fasādes sienu siltināšanu;
ēkas apmales renovāciju;
jumta seguma renovāciju un siltināšanu;
pagraba pārseguma siltināšanu;
apkures sistēmas renovāciju.

         Projektā paredzētie pasākumi veicinās ēkas energoresursu patēriņu samazināšanos līdz pat 50% no patreizējā patēriņa apjoma. Nosiltinot ēkas sienas tiks novērsta pelējuma veidošanās ēkā, uzlabosies tās vizuālais izskats un tiks pagarināts ēkas ekspluatācijas laiks. Plānots uzstādīt termoregulātora ventiļus un reflektoru plēves radiatoriem, tādejādi palielinot siltumapmaiņas efektivitāti un vienmērīgumu visā ēkā.
         Ievērojot Eiropas Savienības prasības publicitātes pasākumu un vizuālās identitātes nodrošināšanā, plānoti sekojoši publicitātes pasākumi:
stacionārās informatīvas plāksnes uzstādīšana pie objekta pēc darbu beigšanas;
prese relīzes;
informatīvā stenda uzstādīšana darbu veikšanas vietā darbības īstenošanas laikā;
informācija Liepājas pašvaldības mājas lapā.

        Sociālā dzīvojamā māja ir viens no atbalsta punktiem un sociālās integrācijas posmiem katrā pašvaldībā. Zaudējot savu dzīvokli, cilvēks tiek pakļauts savstarpēji saistītu apstākļu ķēdes reakcijai – apātijai, pašcieņas zaudēšanai, bezcerībai, iniciatīvas zudumam un pakāpeniskai pašizolācijai. Pieaugot siltumenerģijas tarifam, pieaugs katra iedzīvotāja maksājumi par siltumenerģiju. Neveicot ēkas siltināšanas darbus tiktu radīta situācija, kas vēl vairāk pasliktinātu sociālo māju iedzīvotāju stāvokli, kuru ienākumi nav lieli. Turklāt pasliktināsies pašvaldības dzīvojamā fonda tehniskais stāvoklis, ēka var nonākt avārijas stāvoklī līdz ar to sociālās mājas iedzīvotāji nokļūtu dzīvošanai nelabvēlīgā situācijā.","302 697, 29 Ls","140 000 ls","18 666, 67 Ls","144 030, 62 Ls","9 mēneši","http://www.liepaja.lv/page/49&news_id=20540"
7,"Ogres novada pašvaldība","Brīvības iela 48, Ogre, LV-5001","Sociālās dzīvojamās mājas Ogrē, Indrānu ielā 14 renovācija","Ogre",29/12/09,"Sociālo dzīvojamo māju siltumnoturības uzlabošanas pasākumi","Projekta mērķis ir veikt sociālās dzīvojamās mājas Ogrē, Indrānu ielā 14, renovācijas 1.kārtu, tādējādi uzlabojot ēkas energoefektivitāti (uzlabojot tās kvalitāti, ilgtspēju un ekonomisko rentabilitāti) un nodrošinot tās atbilstību personu ar kustību traucējumiem un ģimeņu ar maziem bērniem vajadzībām.
Sociālā dzīvojamā māja Indrānu ielā 14 ir Ogres novada p/a “Mālkalne” bilancē esoša ēka (atrodas Ogres novada domes īpašumā, apsaimnieko p/a “Mālkalne”). Uz 01.07.2008. no ēkas 53 dzīvokļiem četrdesmit deviņos dzīvokļos (92,4%) dzīvoja sociāli maznodrošinātas personas vai ģimenes, kam saskaņā ar likumu “Par sociālajiem dzīvokļiem un sociālajām dzīvojamām mājām” bija piešķirta dzīvesvieta Ogres novada sociālajā mājā (4 dzīvokļiem sociālā dzīvokļa statuss īslaicīgi mainīts). Vairāki mājā dzīvojoši cilvēki ir ar kustību traucējumiem vecuma vai invaliditātes dēļ, kā arī 6 ģimenes ar mazgadīgiem bērniem (3 bērni ir invalīdi).
Tā kā mājā kopš uzcelšanas ir veikti tikai atsevišķi pirmās nepieciešamības remontdarbi un nav bijusi iespēja plānot lielākus darbus vispārējai siltumnoturības uzlabošanai un iedzīvotāju ērtību nodrošināšanai, vienlaikus ēkas ārējo norobežojošo konstrukciju siltumcaurlaidība neatbilst spēkā esošajiem Latvijas būvnormatīviem un apsildīšanas izdevumi ir ļoti augsti, tad projekta ietvaros paredzēts veikt šī gada februārī sagatavotajā energoaudita ziņojumā rekomendētas aktivitātes:
visu ēkas ārdurvju nomaiņu, 
jumta siltināšanu, 
sienu siltināšanu (t.sk. gala sienu un pagraba sienu cokola daļā 1m augstumā),
logu nomaiņu 2.un 3.stāvā, 
kā arī aktivitātes, kas nodrošina ģimeņu ar maziem bērniem un cilvēku ar kustību traucējumiem ērtības: 
uzbrauktuves pie ārdurvīm pārbūvi,
1 dušas telpas izbūvi atbilstoši cilvēku ar kustību traucējumiem vajadzībām.
Visus šos darbus veiks iepirkumu procedūras rezultātā izvēlēts būvuzņēmējs.
Tāpat projekta ietvaros paredzēti arī informācijas un publicitātes pasākumi: 
lielformāta informācijas stenda izgatavošana un uzstādīšana,
informatīvas plāksnes izgatavošana un piestiprināšana pie ēkas ārdurvīm,
preses relīžu sagatavošana un publicēšana, kā arī 
TV sižeta sagatavošana.
Projekta realizācija dos iespēju gan ietaupīt finanšu līdzekļus maznodrošinātajiem iedzīvotājiem un pašvaldībai, gan arī samazināt vispārējo energoresursu patēriņu.","83408.86 Ls","62556.65 Ls","4170.44 Ls","16681.77 Ls","8 mēneši","http://www.ogresnovads.lv/lat/pasvaldiba/projekti/2009_gads/?page=0&doc=365"
8,"Jelgavas novada Jaunsvirlaukas pagasta pārvalde","“Upeskrasti”, Jaunsvirlaukas pagasts, Jelgavas novads, LV-3031","Sociālās mājas ""Zariņi"" energoefektivitātes paaugstināšanas projekts","Jelgavas rajons",07/01/09,"Sociālo dzīvojamo māju siltumnoturības uzlabošanas pasākumi","Jaunsvirlaukas pagastā ir viena sociālā māja „Zariņi”, kas ir pagasta bilancē esoša un kurā uz šo brīdi dzīvo 20 cilvēki. Ēkas dzīvojamo platību īrnieki visi ir maznodrošinātas personas, kas ir reģistrētas Jaunsvirlaukas pagasta padomē palīdzības saņemšanai dzīvokļa jautājuma risināšanai un kurām nav finansiālu iespēju veikt ieguldījumus ēkas tehniskā stāvokļa uzlabošanā.
          Ēka ekspluatācijā nodota 1984.gadā, kā veco ļaužu pansionāts. Ēkas konstrukcijas – ārsienas būvētas no māla ķieģeļiem un vieglbetona paneļiem ar savietoto jumtu. Ēkai ir 1 stāvs ar pagrabstāvu un izbūvētas 65 telpas – 14 istabas un 41 pārējās nepieciešamās telpas. Ēkas lietderīgā platība ir 671,5 m2. Ēkas vispārējais tehniskais stāvoklis ir apmierinošs.
      Projekta vispārīgais mērķis - paaugstināt sociālās mājas „Zariņi” energoefektivitāti, lai nodrošinātu kvalitatīvus dzīves apstākļus sociālās atstumtības riskam pakļautām iedzīvotāju grupām Jaunsvirlaukas pagastā.
      Specifiskie mērķi – veikt sociālās dzīvojamās mājas „Zariņi” renovācijas pasākumus, tādejādi palielinot ēkas energoefektivitāti un ceļot tās kvalitāti
       Balstoties uz ēkas energoaudita pārskatu izvēlētās problēmas plānots risināt sekojoši, veicot: 
Fasādes siltināšana- lai uzlabotu ārsienu kopējo siltuma pretestību, bez gala ārsienu siltināšanas, ir jāveic arī fasādes siltināšanu, kura ir finansiāli dārgāka. Veicot fasādes siltināšanu tiks ietaupītas 5 MWh/gadā.
Jumta siltināšana- uzlabojot jumta konstrukcijas tiks uzlabota kopējā siltuma pretestība un samazināti siltumenerģijas zudumi par 55 MWh/gadā.
Logu un durvju nomaiņa, vējtvera izbūve - lai iegūtu efektīvu ēku ar zemiem siltumenerģijas rādītājiem ir jāveic pilnīga logu nomaiņa, kā rezultātā tiks iegūta 7 MWh/ gadā liels ietaupījums.
Apkures katla nomaiņa- Apkures katls ir zemu lietderību, kas nepārsniedz 60%. Ēkā nav individuāli regulējama siltummezgla, kā rezultātā nav iespējama kvalitatīva siltumenerģijas nodrošināšana pa ēkas korpusiem. 
Apkures sistēmas rekonstrukcija - jāveic apkures sistēmas balansēšana, lai nodrošinātu vienmērīgu siltumenerģijas sadali pa visu ēku, kā rezultātā tiks ietaupītas 5 MWh/gadā. Papildus ir jāveic arī apkures sistēmas vai atsevišķu radiatoru skalošana un tīrīšana, lai iegūt kvalitatīvu siltumapgādi.
Ventilācijas sistēmu modernizācijas (elektrisko ventilatoru uzstādīšana telpās) - Lai uzlabotu gaisa apmaiņas kvalitāti nepieciešams uzstādīt elektriskos ventilatorus telpās.
       Ievērojot Eiropas Savienības prasības publicitātes pasākumu un vizuālās identitātes nodrošināšanā, plānoti sekojoši publicitātes pasākumi: stacionāras informācijas plāksnes izveide un izvietošana projekta norises vietā un informācija pašvaldības mājas lapā un vietējos masu mēdijos par to ka tiek realizēts konkrētais projekts, informācija par pašvaldības līdzdalību projekta realizācijas procesā, plānotie ieguvumi. 
      Ēkas nesiltināšana var paātrināt norobežojošo konstrukciju bojāšanos un termisko tiltu veidošanos. Līdz ar ēkas norobežojošo konstrukciju zemo siltuma pretestību, ēkai ir lieli siltumenerģijas zudumi. Pieaugot energoresursu cenām pieaugs arī maksa par patērēto siltumenerģijas daudzumu.
       Laika posmā no 2002.gada sociālā dzīvojamā māja nav saņēmusi finansējumu Valsts investīciju programmas ietvaros.","200 200, 11 Ls","140 000 Ls","9 333, 33 Ls","50 866, 78 Ls","9 mēneši","http://jaunsvirlauka.lv/blog/2009-04-16-6"
9,"Tukuma novada Dome Pūres pagasta pārvalde","„Vārpas”, Pūrē, Pūres pagastā, 
Tukuma novadā, Tukuma rajonā, LV-3124
","Sociālās dzīvojamās mājas ""Lāmas"" siltumnoturības uzlabošanas pasākumi","Pūres pagasts",26/01/09,"Sociālo dzīvojamo māju siltumnoturības uzlabošanas pasākumi","Sociālā dzīvojamā māja „Lāmas” ir Pūres pagasta padomes bilancē esoša ēka, kas nodota ekspluatācijā 1935. gadā. Ēkai ir divi stāvi. Visā ēkā ir kopā 7 dzīvojamās telpu grupas ar kopējo lietderīgo platību 241 m2. Kopš 2007. gada ēkai piešķirts sociālās dzīvojamās mājas statuss.
   6 telpu grupas, tas ir, 90% no kopējo telpu grupu skaita, ir izīrētas personām, kas reģistrējušās Tukuma rajona Pūres pagastā, lai saņemtu palīdzību dzīvokļu jautājumu risināšanā saskaņā ar likumu „Par palīdzības sniegšanu dzīvokļu jautājumu risināšanā”. 1 persona no visiem sociālās dzīvojamās mājas īrniekiem ir personas ar kustības traucējumiem, 1 persona ir bārenis,  1 persona ir  īrnieks, kurš atgriezies no ieslodzījuma, un nav saglabājusies iepriekšējā dzīvesvieta, bet pārējie īrnieki ir personas un viņu ģimenes, kurām piešķirts maznodrošinātas personas statuss.
      Saskaņā ar ēkas energo audita atskaitē iekļauto tehnisko atzinumu ēkas tehniskais stāvoklis ir uzskatāms par neapmierinošu.
     Ēkas energoefektivitātes rādītāju uzlabošanai, projekta ietvaros plānots veikt sekojošas aktivitātes, kas ietvertas vispār celtniecības darbos;
1)Jumta seguma un nesošo konstrukciju nomaiņa, renovācija;
2) bēniņu pārseguma papildus siltināšana;
3) logu nomaiņa, neesošu logu uzstādīšana;
4) mansarda ārsienu siltināšana;
5) pagraba pārseguma siltināšana;
6) ārdurvju nomaiņa;
7) gala un fasādes sienu siltināšana;
8) apkures sistēmas rekonstrukcija;
9) iekšējo kāpņu nomaiņa;
10) iekšējo telpu grupu atjaunošana;
11) ūdens iekšējo, kanalizācijas ārējo tīklu un bioloģiskās notekūdeņu attīrīšanas ietaises ierīkošana.

   Ņemot vērā, ka vairāki sociālās dzīvojamās mājas īrnieki ir ar kustību traucējumiem, vienādu iespēju nodrošināšanas nolūkā projekta ietvaros ir paredzēts veikt sekojošas aktivitātes;
Nobrauktuvju izbūve- betona nobrauktuvju izbūve no ieejas durvīm  līdz 
celiņam;
      2) Četru dzīvojamo telpu grupu pielāgošana personām ar kustību traucējumiem – ieejas durvju paplašināšana, atbalsta kompleksu uzstādīšana sanitārajā mezglā .
   Ēkas rekonstrukcijas un tehnisko instalāciju atjaunošanā plānotas sekojošas aktivitātes;
Elektroinstalāciju nomaiņa, dzīvokļos barojošo pievada kabeļu demontāža un nomaiņa;
Jaunu sadales skapju uzstādīšana;
Kustību sensoru uzstādīšana;
Jaunu gaismas ķermeņu uzstādīšana;
Zibens aizsardzības ierīkošana;
Automātiskās ugunsgrēka atklāšanas un signalizācijas sistēmas ierīkošana.
   Ievērojot Eiropas Savienības prasības publicitātes pasākumu un vizuālās identitātes nodrošināšanā, plānoti sekojoši publicitātes pasākumi;
1) publicitāte pašvaldības mājas lapā;
2) publicitāte pašvaldības un rajona avīzē;
3) informācijas stendu  uzstādīšana darbības veikšanas vietā darbības īstenošanas laikā;
4) stacionāras informatīvas plāksnes uzstādīšana pie objekta pēc darbības pabeigšanas.","174 649, 14 Ls","130 986, 86 Ls","13 081, 22 Ls","30 581, 06 Ls","9 mēneši","http://www.pure.lv/index2.php??val=1&mod=48&jaunid=163"
10,"Apes novada dome","Stacijas iela 2, Ape, LV-4337","Sociālās dzīvojamās mājas ""Jaunroze"" siltumnoturības uzlabošanas pasākumi","Apes lauku teritorija",26/01/09,"Sociālo dzīvojamo māju siltumnoturības uzlabošanas pasākumi","Sociālā dzīvojamā māja „Jaunroze” Apes pašvaldībai ir vēsturiskais īpašums. Ēka celta 1876.gadā. Pirmā ēkas inventarizācija veikta 1972.gadā. Dzīvojamai mājai „Jaunroze” sociālās mājas statuss piešķirts 2007.gada 21.jūnijā ar lēmumu Nr.4. Ēkai ir divi stāvi. Kopumā ēkā ir 5 dzīvojamās telpas ar kopējo platību 336.2m2. Pirmajā stāvā īrniekiem ir kopējas koridora telpas un sanitārie mezgli. Otrajā stāvā ir kopējas koridora un kāpņu telpas, kopējs sanitārais mezgls un virtuve. 
Sociālā dzīvojamā māja „Jaunroze” 100% ir paredzēta personām, kuras saskaņā ar likumu „Par palīdzības sniegšanu dzīvokļa jautājumu risināšanā”, ir tiesīgas saņemt palīdzību dzīvojamo platību nodrošinājumā. Uz šo brīdi apdzīvotas ir 4 dzīvojamās telpas, kas ir 91% no kopējās lietderīgās dzīvojamās platības. Tās ir izīrētas personām, kas ir reģistrējušās Apes pašvaldībā un kurām ir tiesības saņemt palīdzību dzīvojamo telpu jautājumu risināšanā. Divām ģimenēm, kuras dzīvo sociālajā dzīvojamā mājā „Jaunroze”, ir piešķirts trūcīgās ģimenes statuss, no tām 1 ir daudzbērnu ģimene, kurā aug 6 nepilngadīgi bērni. Viens sociālais dzīvoklis ir piešķirts bārenim un viens dzīvoklis piešķirts maznodrošinātai ģimenei, kurā aug nepilngadīgs bērns. 1 sociālais dzīvoklis netiek apdzīvots, bet ir paredzēts ārkārtas gadījumiem (negadījumos nonākušiem cilvēkiem).
Pamatojoties uz veikto ēkas energoaudita pārskatu un tehniskās apsekošanas atzinumu, konstatēts, ka ēka ir neapmierinošā stāvoklī un tai ir nepieciešama rekonstrukcija saskaņā ar izstrādātu un akceptētu būvprojektu, kas atbilstu ēkas izmantošanas funkcijām. 
Ēkas energoefektivitātes rādītāju uzlabošanai projekta ietvaros plānotas veikt sekojošas aktivitātes:
Jumta seguma nomaiņa un nesošo konstrukciju remonts; 
Otrā stāva (bēniņu) pārseguma siltumizolācija;
Logu un ārējo durvju pārsedžu stiprināšana; 
Logu un ārējo durvju nomaiņa; 
Ārsienu siltināšana; 
Apkures sistēmas rekonstrukcija; 
Grīdu siltumizolācija. 
Ēkas tehnisko instalāciju atjaunošanā ir jāveic sekojošas projekta aktivitātes:
Elektroinstalācijas atjaunošana; 
Ugunsdzēsības signalizācijas un aprīkojuma izbūve; 
Ventilācijas sistēmas izveide; 
Zibens aizsardzības sistēmas izveide.
Laikā posmā līdz 2007.gada jūnijam ēka pildīja skolas internāta funkcijas, sekojoši ir nepieciešama telpu pārplānošana un pārbūve atbilstoši sociālo dzīvokļu vajadzībām, tas ir, lielās telpu grupas sadalot mazākās dzīvojamās platībās, tā radot īrniekiem pievilcīgu un estētisku dzīves vidi. Kā arī ar šīs aktivitātes veikšanu tiks palielināts dzīvojamais fonds Apes pašvaldībā. 
Vienādu iespēju nodrošināšanas nolūkā, plānots izbūvēt nobrauktuvi (pandusu) no ieejas durvīm līdz ietvei, plānots izbūvēt sanmezglu un veikt iekšējo telpu rekonstrukciju, pielāgojot tās cilvēkiem ar kustības traucējumiem.
Lai popularizētu ES struktūrfondu atbalstīto projektu un informētu par to plašākai sabiedrībai, tiks veikti sekojoši publicitātes pasākumi, ievērojot Eiropas Savienības publicitātes prasības:
Lielformāta informācijas stenda izgatavošana un uzstādīšana;
Stacionārās informatīvās plāksnes izgatavošana un uzstādīšana;
Publicitātes pasākumi vietējos masu medijos un interneta mājas lapās. 
Projekta pasākumu īstenošanas rezultātā tiks veikti sociālās dzīvojamās ēkas energoefektivitāti un siltumnoturību paaugstinoši pasākumi, atjaunots un kvalitatīvi uzlabots sociālais dzīvojamais fonds. Labiekārtojot un renovējot dzīvojamo fondu tiks paaugstināta iedzīvotāju dzīves kvalitāte, samazināti pašvaldības izdevumi par sociālā mājokļa uzturēšanu. ","176 272,71 Ls","132 204, 53 Ls","26 440,91 Ls","17 627, 27 Ls","12 mēneši","http://www.ape.lv/soc_dziv_maja1.htm"
11,"Ilūkstes novada dome","Brīvības iela 7, Ilūkste, Daugavpils rajons, LV-5447","Sociālās dzīovjamās mājas Brīvības ielā 17 Ilūkstē siltumnoturības uzlabošanas pasākumi","Ilūkstes novads",07/01/09,"Sociālo dzīvojamo māju siltumnoturības uzlabošanas pasākumi","Sociālā dzīvojamā māja Brīvības ielā 17, Ilūkstē ir Ilūkstes novada domes bilancē esoša koka ēka, kas būvēta pēc individuāla projekta, tā ir nodota ekspluatācijā 1956.gadā. Ēkai ir viens dzīvojamais stāvs, neapkurināms bēniņu stāvs, nelielā ēkas daļā izbūvēts neapkurināms pagrabs. Ēka ir tipisks Latvijas mazpilsētu vienstāvu koka apbūves piemērs Ilūkstē, kuru tuvākajos gados ir paredzēts iekļaut vietējas nozīmes aizsargājamo pilsētbūvniecības pieminekļu sarakstā. Ēkā ir 5 dzīvokļi, kopējā apkurināmā platība 167 kvadrātmetri. Kopš 2006.gada mājai ir piešķirts sociālās dzīvojamās mājas statuss. 
Visas dzīvojamās telpas šajā mājā (100%) ir izīrētas personām, kas reģistrējušās Ilūkstes novada domē, lai saņemtu palīdzību dzīvokļu jautājumu risināšanā saskaņā ar likumu „Par palīdzības sniegšanu dzīvokļu jautājumu risināšanā”, visi dzīvokļu īrnieki ir personas un viņu ģimenes, kurām piešķirts maznodrošinātas personas statuss.
Ēkas energoaudita atskaitē ēkas tehniskais stāvoklis kopsavilkumā ir novērtēts kā neapmierinošs, ēkas energomarķējums ir piešķirts viszemākajā kategorijā.
Ēkas energoefektivitātes rādītāju uzlabošanai, projekta ietvaros plānots veikt šādas aktivitātes: 
bēniņu pārseguma siltumizolēšanu un bēniņu lūku nomaiņu;
logu nomaiņu un ieejas mezglu rekonstrukciju, ārdurvju nomaiņu;
ārsienu siltumizolēšanu;
pamatu siltumizolēšanu;
pagraba ieejas rekonstrukciju, loga uzstādīšana pagraba ailē, durvju ar siltumizolāciju uzstādīšana;
uzkārtās grīdas konstrukciju siltumizolēšana un rekonstrukcija pirmā stāva telpās.
 Lai nodrošinātu vienādas iespējas un apgādātu ar sociālām dzīvojamām telpām personas ar kustību traucējumiem, projekta ietvaros ir paredzēts veikt šādas aktivitātes: 
nobrauktuves izbūvi pirms ieejas durvīm;
dzīvojamo un koplietošanas telpu pielāgošanu personām ar kustību traucējumiem: koplietošanas telpu pārplānošanu, pārbūvi, iekštelpu durvju paplašināšanu līdz 110cm, durvju bloku nomaiņu, sanitāro mezglu (tualetes un dušas telpu) pielāgošanu – specializētā santehnikas aprīkojuma iegādi un uzstādīšanu, atbalsta kompleksu uzstādīšanu.
Bez energoefektivitātes pasākumiem, ēkā vēl jāveic sekojošas aktivitātes, kas uzlabos ēkas tehnisko stāvokli:
jumta renovāciju un jumta pārseguma nomaiņu: jumta dūmvadu remontdarbus, bojāto spāru nomaiņu, jumta seguma nomaiņu, lietus ūdens novadīšanas sistēmas uzstādīšanu, zibensaiszardzības uzstādīšanu;
elektroinstalāciju nomaiņu ēkā: elektroskaitītāju nomaiņu atbilstoši normatīviem, pievadkabeļu, elektroinstalāciju nomaiņu, kustību sensoru uzstādīšanu un gaismas ķermeņu ar energoekonomiskām spuldzēm uzstādīšanu koplietošanas telpās, ārējā apgaismojuma uzstādīšanu pie ieejas mezgliem;
telpu ventilācijas sistēmas rekonstrukciju;
ugunsdrošības instalāciju izvietošanu.
Ievērojot Eiropas Savienības prasības publicitātes pasākumu un vizuālās identitātes nodrošināšanā, projekta ietvaros ir plānoti sekojoši publicitātes pasākumi: 
lielformāta informācijas stenda izgatavošana un uzstādīšana;
stacionāras informācijas plāksnes izgatavošana un uzstādīšana;
publikācijas Daugavpils rajona un Ilūkstes novada laikrakstos;
informācija par projektu un tā aktivitātēm Ilūkstes novada mājas lapā.","83 340, 11 Ls","58 711, 87 Ls","9 785, 31 Ls","14 842, 93 Ls","6 mēneši","http://www.ilukste.lv/?sec=35&subsec=55"
12,"Rīgas domes Labklājības departaments","Baznīcas iela 19/23, rīga, LV-1010","Sociālās dzīvojamās mājas rīgā, aglonas ielā 35/3 siltināšana","Rīga ",29/12/08,"Sociālo dzīvojamo māju siltumnoturības uzlabošanas pasākumi","Sociālā dzīvojamā māja Rīgā, Aglonas ielā 35/3 ir Rīgas domes Labklājības departamenta valdījumā esoša ēka – modificēts tipveida projekts Nr.316 ar 2 sekcijām. Ēkā kopumā ir 156 dzīvojamās telpas ar kopējo lietderīgo platību 3236 m2. 1998.gada ēkai piešķirts sociālās dzīvojamās mājas statuss. Kopumā ēkā dzīvo 160 cilvēki, no kuriem 126 ir pensionāri. 
Ēkas energoefektivitātes uzlabošanai, projekta ietvaros plānots veikt šādas aktivitātes:
Bēniņu lūku siltumizolēšana
Aizvērēju uzstādīšana galvenās ieejas iekšējām durvīm 
Ārdurvju remonts
Bēniņu pārseguma siltumizolēšana
Fasādes sienu (t.sk. lifta šahtas) siltumizolēšana
Pamata sienu siltumizolēšana (virsgrunts daļa)
Pamata sienu siltumizolēšana (zemgrunts daļa)
Logu nomaiņa
Īstenojot projektu enerģijas patēriņš samazināsies par 250 MWh/gadā jeb par 35,1%.","248 092, 21 Ls","140 000, 00 Ls","9 333, 33 Ls","98 758, 88 Ls","12 mēneši","http://www.ld.riga.lv/lv/home/projekti/default.aspx"
13,"Cēsu pašvaldības aģentūra ""Sociālo pakalpojumu un sociālās palīdzības aģentūra""","Bērzaines iela 16/18, Cēsis,            LV-4101","Daudzdzīvokļu mājas renovācija siltumnoturības uzlabošanai Caunas ielā 8, Cēsīs","Cēsis",07/01/09,"Sociālo dzīvojamo māju siltumnoturības uzlabošanas pasākumi","
Kopš ēkas uzcelšanas brīža (1969.gads) tajā nav veikti ne ēkas vispārīgā stāvokļa uzlabošanas pasākumi, ne pasākumi siltumenerģijas taupīšanai - organizēti tikai neatliekamie remontdarbi, kas nenovērš ēkas konstrukciju un inženierkomunikāciju tālāku nolietošanos un bojāšanos. Pēc tehniskās apsekošanas atzinuma ēka ir neapmierinošā stāvoklī. Ēkas pamati ārējo faktoru iedarbībā ir vietām deformējušies, ēkas ārsienu veidojošie ķieģeļi slāņojas, sienās veidojās plaisas un mitruma un sala ietekmē notiek caursalšana. Sienu un pārseguma siltumnoturība kā arī logi neatbilst LBN 002-01 prasībām, ēkas jumta segums stipri bojāts.
2007.gada 19.aprīlī atbilstoši likumam ""Par sociālajiem dzīvokļiem un sociālajām dzīvojamām mājām"" mājai Caunas ielā 8, noteikts sociālās dzīvojamās mājas statuss. Šajā sociālajā dzīvojamā mājā ir 21 sociālais dzīvoklis. Sociālo dzīvokļu un sociālā dzīvokļa statusa piešķiršanu Cēsu pilsētā regulē Saistošie noteikumi Nr.7 ""Par palīdzību dzīvokļa jautājumu risināšanā"". Dzīvojamā mājā pašlaik dzīvo trūcīgas ģimenes, tai skaitā daudzbērnu ģimenes ar nepilngadīgiem bērniem un vienatnē dzīvojošie pensionāri.
Lai novērtētu ēkas energoefektivitāti un tehnisko stāvokli, ir veikts energoaudits. Izpildot tajā ieteiktos energoefektivitātes uzlabošanas pasākumus, tiks palielināta pašvaldības sociālās daudzdzīvokļu mājas energoefektivitāte, kvalitāte un ilgtspēja, tādejādi nodrošinot sociāli mazaisargātas personu grupas ar adekvātu mājokli.
Ieteiktie energoefektivitātes uzlabošanas pasākumi ir:
A - kā neatliekamais - pārseguma uz grunts siltināšana;
B - kā svarīgie pasākumi - siltumizolācijas uzstādīšana apkures sadales un karstā ūdens caurulēm, ieejas durvju blīvēšana;
C - pasākumi, kurus varētu veikt arī vēlāk, bet, kas tiešā veidā attiecas uz siltumnoturības uzlabošanu - gala un fasādes sienu siltināšana, jumta pārseguma siltināšana, logu nomaiņa un cokola siltināšana.
No iepriekšminētā projekta aktivitātes ir:
1. Būvprojekta ""Daudzdzīvokļu mājas renovācija siltumnoturības uzlabošanai Caunas ielā 8, Cēsīs"" izstrāde.
Būvprojekts izstrādāts ēkas pilnīgai renovācijai, ieskaitot iekštelpu kapitālo remontu. Uz šo konkrēto projektu gan aktivitāšu, gan būvprojekta sagatavošanas finansiālajā aspektā atteicas veicamie būvdarbi, kas paredzēti būvprojekta 1.etapā.
Pirms būvprojekta pasūtīšanas ir organizēts iepirkums atbilstoši Publisko iepirkumu likumam un tas tiks dokumentāli pierādīts projekta finanšu atskaitēs.
2. Iepirkuma konkursa organizēšana būvfirmas izvēlei renovācijas darbu veikšanai.
Iepirkuma konkurss projekta ietvaros tiks organizēts, lai izvēlētos būvfirmu renovācijas darbu veikšanai, lai nodrošinātu projekta un pašvaldības finanšu līdzekļu ekonomisku un pamatotu izlietojumu.
3. Renovācijas darbi veikšana, šajos darbos iekļaujot tādas aktivitātes kā:
3.1. siltummezgla izbūve un inženierkomunikāciju pieslēgšana;
3.2. jumta renovācija un siltināšana;
3.3. logu nomaiņa;
3.4. ārdurvju nomaiņa;
3.5. fasādes renovācija un siltināšana;
3.6. sadzīves kanalizācijas pievadu renovācija.
4. Projekta īstenošanas kontrole, rezultātu periodiska izvērtēšana, projekta norises un rezultātu publiskošana.
Uzskaitīto pasākumu īstenošana nodrošinās enerģijas patēriņa samazināšanos par 58% konkrētajā mājā. Papildus iegūtajam enerģijas patēriņa samazinājumam tiks ekonomēti iedzīvotāju un pašvaldības līdzekļi maksājumiem par siltumenerģiju, palielināta pašvaldības dzīvojamā fonda vērtība un, protams, uzlabots ēkas izskats.","75 737. 92 Ls","56 803. 44 Ls","5 680. 34 Ls","13 254. 14 Ls","5 mēneši","http://www.cesis.lv/?d=1198"
14,"Mālpils novada dome","Nākotnes iela 1, Rīgas rajons, Mālpis pagasts, LV-2152","Sociāli dzīvojamās mājas ""Smiltnieki"" siltumnoturības uzlabošanas pasākumi","Mālpils pagasts",26/01/09,"Sociālo dzīvojamo māju siltumnoturības uzlabošanas pasākumi","
Projekts „Sociāli dzīvojamās mājas „Smiltnieki” siltumnoturības uzlabošanas pasākumi” tiks īstenots Rīgas rajona Mālpils pagastā. Projekta ilgums – 12 mēneši. Projekta izdevumu kopsumma sastāda 201 937.88 Ls. No tiem attiecināmie izdevumi ir 191 487.58 Ls. Projekta ietvaros paredzēts uzlabot Mālpils pagasta sociālās dzīvojamās mājas „Smiltnieki” energoefektivitāti, nemainot ēkas funkcijas, atjaunojot ēkas tehniskās instalācijas un pielāgojot ēku personām ar funkcionāliem traucējumiem. Vistiešāk projekta aktivitātes ir orientētas uz sociālās dzīvojamās mājas „Smiltnieki” dzīvokļu īrniekiem.
Projektā paredzētas sekojošas galvenās aktivitātes:
Dokumentācijas sagatavošana un projekta uzraudzība
Būvniecība
Publicitāte
Sociālā dzīvojamā māja „Smiltnieki” ir Mālpils pagasta padomes bilancē un apsaimniekošanā esoša ēka ar diviem stāviem. Ēka ir aptuveni 80 gadus veca. Šobrīd tajā ir četri dzīvokļi, ko apdzīvo sociāli mazaizsargātas personas – vientuļi pensionāri, cilvēki ar invaliditāti, ilgstoši bezdarbnieki. Uz īrnieku iesniegumu pamata kopš 2005. gada 1. jūnija ēkai piešķirts sociālās dzīvojamās mājas statuss.
Saskaņā ar ēkas energoaudita atskaitē iekļauto tehnisko atzinumu ēkas tehniskais stāvoklis ir uzskatāms par neapmierinošu. Ēkas energoefektivitātes rādītāju uzlabošanai, kā arī ēkas pielāgošanai cilvēkiem ar kustību traucējumiem projekta ietvaros plānots veikt sekojošas apakšaktivitātes:
pārseguma siju rekonstrukcija, 
jumta rekonstrukcija,
fasādes rekonstrukcija, 
vējtveru un pandusa izveidošana, 
logu un durvju nomaiņa, 
telpu grupu rekonstrukcija, 
sanitārā mezgla rekonstruēšana,
apkures atjaunošana, 
elektroapgādes sistēmas ierīkošana, 
ugunsdrošības sistēmas ierīkošana.

Ievērojot Eiropas Savienības prasības publicitātes pasākumu un vizuālās identitātes nodrošināšanā, plānoti sekojoši publicitātes pasākumi:
informēšana masu medijos,
lielformāta informācijas stends,
informācijas plāksne.
Projekta īstenošanas rezultātā rekonstruētajā sociālajā dzīvojamā mājā „Smiltnieki” sagaidāmi pieci labiekārtoti dzīvokļi ar būtiski uzlabotu ēkas energoefektivitāti, kas nodrošinās labākus dzīves apstākļus sociāli mazaizsargātām un maznodrošinātām personām.","191 020,89 Ls","140 000 Ls","9 333, 33 Ls","41 687, 56 Ls","12 mēneši",
15,"Dobeles novada pašvaldība","Ceriņu iela 2, Dobeles rajons, LV-3717","Jaunbērzes pagasta padomes sociāli dzīvojamās mājas Ausmaņa ielā 6 rekonstrukcija siltumnoturības paaugstināšanai","Jaunbērzes pagasts",29/12/08,"Sociālo dzīvojamo māju siltumnoturības uzlabošanas pasākumi","Projekta vispārīgais mērķis: veicināt dzīvojamā fonda energoefektivitāti, ceļot sociālo dzīvojamo māju kvalitāti un nodrošināt sociāli maznodrošināto iedzīvotāju grupai kvalitatīva mājokļa pieejamību.
Projekta specifiskais mērķis: veikt Jaunbērzes pagasta padomes sociālās dzīvojamās mājas rekonstrukcijas darbus, lai nodrošinātu ēkas siltumnoturību, adekvātu mājokli sociāli maznodrošināto iedzīvotāju grupām un iedzīvotājiem ar kustību traucējumiem. Pašvaldībai nav sava dzīvojamā fonda, tādēļ lielākā daļa šo mājokļu ir iegādātas no to īpšaniekiem un ir nolietojušies un rada pamatotu satraukumu par to stāvokli. Jaunbērzes pagata padome ir iegādājusies savā īpašumā dzīvojamo māju, kurai 2007. gada 21. februārī piešķirts sociālās 
dzīvojamās mājas statuss, kurā šobrīd ir 8 dzīvokļi bez ērtībām. Lauku pašvaldībās joprojām ir liels to iedzīvotāju skaits, kuriem nepieciešama palīdzība. Tuvākā laikā jānodrošina dzīvesvieta četriem bāreņiem, bet pašvaldībai nav piemērotas dzīvojamās platības ko piedāvāt. Saskaņā ar likumu „Par palīdzību dzīvokļa jautājumu risināšanā”  Jaunbērzes pagastā reģistrējušās rindā 17 ģimenes ar bērniem un 14 maznodrošinātie pensionāri. Mājā šobrīd dzīvo viena sociālā riska ģimene ar diviem bērniem, viena trūcīgā ģimene, 4 vientuļie pensionāri no denacionalizētajām mājām un viena bārene, bet otrai bārenei šeit ir deklarētā dzīves vieta, bet mājā nedzīvo, jo dzīvoklis ir avārijas stāvoklī (bojāts griestu segums).  Ēka tiek 100% izmantota maznodrošināto nodrošināšanai ar apdzīvojamo platību, bet tai steidzami nepieciešams veikt rekonstrukcijas darbus, lai uzlabotu tās tehnisko stāvokli un nodrošinātu siltumenerģijas ietaupījumu. Veicot nepieciešamos ēkas rekonstrukcijas darbus ēkas pirmais stāvs būtiski jāpārbūvē, lai nodrošinātu pieejamību personām ar kustību traucējumiem. Rekonstrukcijas darbu izmaksas pārsniedz šī brīža iespējas, tādēļ tika pieņemts lēmums, ka darbi ēkas energoefektivitātes uzlabošanai tiks veikti divās kārtās: otrajā kārtā atstājot otrā stāva pārbūves darbu pabeigšanu. Projekta ietvaros plānots veikt: 
1. Vispārējos būvdarbus:
1) pamatu un ieejas mezgla izbūvi;
2) fasādes atjaunošanu, sienu un starpsienu pārbūvi un siltināšanu; 
3) jumta seguma maiņu;
4) grīdu pārbūvi;
5) logu un durvju maiņu;
6) apdares darbus un kāpņu izbūvi;
2. Centrālās apkures izbūve
4.Ūdensvada un kanalizācijas atjaunošana un izbūve.
5.Ugunsdzēsības signalizācija uzstādīšana
6.Ventilācijas izbūve
7. Publicitātes pasākumi:
Uzstādīta stacionāra informācijas plāksnes pie objekta;
 un informācijas stends darbības veikšanas vietā.
 Informēta sabiedrība par projekta realizāciju rajona laikrakstā „Zemgale un interneta mājas lapā
Projekta aktivitāšu realizācijas rezultātā siltumenerģijas ietaupījums paredzēts 60% apmērā , bet apkures tarifa pieauguma gadījumā, faktiskais ietaupījums būs lielāks nekā prognozēts. Ēka iegūs jaunu izskatu, samazināsies siltumzudumi caur konstrukcijām, pieaugs saules enerģijas izmantošanas efektivitāte telpu sildīšanai. Šobrīd no siltumtehniskā viedokļa logi ir visvājākās konstrukcijas, tādēļ to nomaiņa ir ļoti būtiska un tā dos siltumenerģijas ietaupījumu 21 KWh/m gadā. Lielus siltumzudumus rada neapmierinošais jumta un bēniņu stāvoklis, bet rekonstrukcijas rezultātā enerģijas ietaupījums - 41 KWh/m gadā. Esošā kāpņu telpa un ieeja ir ļoti neapmierinošā stāvoklī, tādēļ paredzēta būtiska pārbūve un rekonstrukcija, lai nodrošinātu siltumenerģijas zudumus ēkā. Sociālajā mājā paredzēts izvietot – 1.stāvā 8 dzīvojamās istabas, sanitāri higiēnisko bloku, atsevišķi sieviešu un vīriešu, koplietošanas virtuvi un katlu telpu; bet atrodot papildus līdzekļus tiktu attīstīts arī jumta stāvs ar 9 dzīvojamām istabām, 
koplietošanas virtuvi un sanitāri higiēnisko bloku, atsevišķi vīriešu un sieviešu. Šobrīd projekta īstenošanu traucē līdzekļu nepietiekamība, lai pilnībā izbūvētu ēkas mansarda stāvu, bet esošo sociālās mājas īrnieku dzīves apstākļi tiktu nodrošināti pilnībā. ","186 436, 43 Ls","139 827, 32 Ls","18 643, 64 Ls","27 965, 47 Ls","10 mēneši",
16,"Rēzeknes novada pašvaldības Ozolaines pagasta  pārvalde","Bekšu ciems, Ozolaines pagasts, Rēzeknes rajons, LV-4633","Ozolaines sociālās dzīvojamās mājas siltumnoturības uzlabošanas pasākumi","Ozolaines pagasts",29/12/08,"Sociālo dzīvojamo māju siltumnoturības uzlabošanas pasākumi","Ozolaines pagasta sociālā dzīvojamā māja ir Ozolaines pagasta padomes bilancē esoša ēka, celta 1960.gadā, sākotnēji kā Ozolaines pamatskola. 2004.gadā Ozolaines pamatskola tika slēgta un tās vietā izveidots sociālās palīdzības centrs „Varavīksne”. Augot sociāli mazaizsargāto Ozolaines pagasta iedzīvotāju vajadzībai pēc mājokļa, Ozolaines pagasta padome 2005.gada 20.jūlijā pieņēma lēmumu par ēkas statusa maiņu uz Ozolaines pagasta sociālo dzīvojamo māju, izveidojot tajā 8 sociālos dzīvokļus. Sociālā dzīvojamā māja sastāv no 3 daļām vienstāvu guļbūves centrā un tai ziemeļu un dienvidu pusēs piebūvētām vienstāvu un divstāvu silikātķieģeļu mūra piebūvēm. Sociālās dzīvojamās mājas lietderīgā platība ir 615,3 kvm. Astoņi sociālie dzīvokļi, tas ir 100 % no sociālās dzīvojamās mājas dzīvokļu skaita, ir izīrēti personām, kas ir reģistrējušās Ozolaines pagasta padomē, lai saņemtu palīdzību dzīvokļa jautājuma risināšanā saskaņā ar likumu „Par palīdzību dzīvokļa jautājumu risināšanā”.
Saskaņā ar sociālās dzīvojamās mājas energoaudita atskaitē iekļauto novērtējumu ēkas tehniskais stāvoklis ir uzskatāms par neapmierinošu. 
Projekta galvenās aktivitātes ir:
1. logu nomaiņa ēkā;
2. durvju nomaiņa ēkā; 
3. grīdu nomaiņa un siltināšana;
4. sienu un starpsienu atjaunošana un siltināšana;
5. jumta nomaiņa un siltināšana ēkā;
6. pārsegumu remonts un siltināšana;
7. ventilācijas sistēmas izveide;
8. ieeju atjaunošana un pielāgošana personām ar funkcionāliem traucējumiem
9. telpu grupu atjaunošana un pielāgošana personām ar funkcionāliem traucējumiem;
10.centralizētas apkures sistēmas ierīkošana;
11.ugunsdrošības signalizācijas ierīkošana;
12.elektroinstalācijas remontdarbi.
Projekta īstenošanas rezultātā būtiski tiks uzlaboti sociālās dzīvojamās mājas iedzīvotāju dzīves apstākļi, nodrošināta energoresursu efektīva izmantošana, uzlabota vides pieejamība personām ar funkcionāliem traucējumiem – tiks nodrošināta brīva pārvietošanās personām ar kustību traucējumiem ēkas 1.stāvā – ierīkoti četri dzīvokļi personām ar kustību traucējumiem, paplašinātas ieejas durvis, gaiteņu durvis, virtuves durvis, atbalsta kompleksa uzstādīšana sanitārajā mezglā. ","359 818.62","140 000.00","14 000.00","205 818.62","12 mēneši",
17,"Riebiņu novada dome","Saules iela 8, Galēnu pagasts, Riebiņu novads, Preiļu rajons, ","Sociālās dzīvojamās mājas „Rudenāji” siltumnoturības uzlabošanas pasākumi","Rudenāji, Galēnu pagasts, Riebiņu novads, Preiļu rajons, LV-5326",29/12/08,"Sociālo dzīvojamo māju siltumnoturības uzlabošanas pasākumi","Sociālā māja „Rudenāji” ir Riebiņu novada domes bilancē esoša ēka, kas ekspluatācijā nodota 1906. gadā. Ēkā ir divi stāvi un viena kāpņu telpa, ēkā ir izvietoti 11 dzīvokļi. Kopējā ēkas apkurināmā platība 339,6 m2. Kopš 2007. gada 13. marta ēkai tika piešķirts sociālās dzīvojamās mājas statuss. Sociāli dzīvojamā mājā „Rudenāji” esošajos 11 dzīvokļos dzīvo 10 iemītnieki, galvenokārt sociāli mazaizsargāto grupu iedzīvotāji. Vairāk iemītnieku nav iespējams izvietot sakarā ar nepiemērotiem dzīves apstākļiem. Pēc projekta realizācijas sociālajā mājā būs iespējams izvietot 20 iemītniekus. Saskaņā ar energoaudita atskaitē iekļauto atzinumu, ēkas tehniskais stāvoklis ir neapmierinošs. Ēkas energoefektivitātes uzlabošanai projekta ietvaros ir nepieciešams veikt šādas aktivitātes:
Jumta seguma atjaunošana ar pārseguma siltināšanu
Ārsienu siltināšana ar apdari
Bēniņu pārseguma papildus siltināšana
Logu nomaiņa ēkā, saglabājot logu aiļu dalījumu
Pagraba pārseguma siltināšana
Centrālās apkures sistēmas ierīkošana
Ieejas mezgla rekonstrukcija
Ūdensvada un kanalizācijas sistēmas renovācija                                                                                                                                                     Ēkas rekonstrukcijas atjaunošanā plānots veikt:
Elektroinstalācijas nomaiņa ēkā
Jaunu gaismas ķermeņu nomaiņa
Ventilācijas sistēmu ierīkošana
Ugunsdzēsības un zibensaizsardzības sistēmas ierīkošana                                                                                                                          Ņemot vērā to, ka dzīvojošajiem iemītniekiem var pasliktināties veselības stāvoklis un pārvietoties būs grūtāk, tāpēc projekta ietvaros tiks izbūvētas nobrauktuves, kā arī jaunu lieveņu izbūve ērtākai pārvietošanai, un gājēju celiņu ierīkošana.","200 709.8","140 000.00","28 000.00","32 709.18","21 mēnesis","http://www.riebini.lv/lv/projekti"
18,"Viļakas novada dome","Abrenes iela 26, Viļaka, LV-4583","Sociālās dzīvojamās mājas energoefektivitātes uzlabošana"," Balvu rajons",29/12/08,"Sociālo dzīvojamo māju siltumnoturības uzlabošanas pasākumi","Ēka Pļavu ielā 2, Viļakā uzbūvēta 1946.gadā un 1947.gadā nodota ekspluatācijā. 1998.gadā ēkai ir piešķirts sociālās dzīvojamas mājas statuss un tā pārņemta Viļakas pilsētas domes bilancē. Ēkai ir divi stāvi, 1-veidu ārsiena (skuju koki 0,3 m un smilšu-cementa java 0,01 m), četrslīpu jumts, bēniņi (nav apkurināmi un pārsegumam izmantotā skujkoku šķiedru siltumizolācija). Ēkai ir astoņi dzīvokļi. Kopēja lietderīgā platība ir 2340 m2. Visi dzīvokļi ir izīrēti personām, kas ir reģistrēti Viļakas pašvaldībā, lai saņemtu palīdzību dzīvokļa jautājumu risināšanā. 100 % visi sociālās dzīvojamās mājas īrnieki ir personas, kurām ir piešķirts maznodrošinātas personas statuss, 11 % ir vientuļie pensionāri. Ēkas tehniskais stāvoklis saskaņā ar ēkas energoaudita atzinumu ir neapmierinošs. Būvkonstrukciju termiskā pretestība neatbilst spēkā esošajiem būvnormatīviem LBN 02-01. Ēkai ir lokāla siltumapgāde, tā tiek apkurināta ar individuālām malkas apkures krāsnīm. Ēkai nav aukstā un karstā ūdens apgādes sistēmas. Ēkā netiek veikta siltumenerģijas patēriņa uzskaite, teorētiski aprēķinātais gada apkures sezonā siltumenerģijas patēriņš apkurei ir 76 MWh/gadā, jeb 228 kWh/m2/gadā. Iekštelpu klimats ir neapmierinošā stāvoklī. Lai nodrošinātu efektīvu ēkas energovadību un apsaimniekošanu ir nepieciešami ieteiktie energoaudita atzinumā energoefektivitātes pasākumi: bēniņu pārseguma siltināšana, fasādes sienu siltināšana, koka logu nomaiņa, kāpņu telpu durvju nomaiņa. Ja savlaicīgi vai vispār netiks veikti ieteiktie pasākumi, turpināsies ēkas būvkonstrukciju un inženierkomunikāciju nolietošanās un bojāšanās, kā arī netiks samazinātas izmaksas par enerģiju. Pieaugot siltumenerģijas tarifam, pieaugs katra iedzīvotāja maksājumi par siltumenerģiju. Ņemot vērā augstāk minēto, pašvaldība plāno projekta ietvaros veikt sekojošas aktivitātes:                                                                                                                                                           1. Ēkas jumta renovācija (jumta pārseguma un tā konstrukcijas vietām nomaiņa, jumta bēniņu siltumizolācijas nomaiņa, ventilācijas un lietus ūdens sistēmu uzstādīšana, zibens aizsardzības sistēmas, ugunsdrošības signalizācijas uzstādīšana un elektroapgaismojuma ierīkošana bēniņos, bēniņu logu nomaiņa, skursteņu pārmūrēšana);
2. Logu un durvju nomaiņa (PVC logu bloku uzstādīšana, durvju bloku montāža, ārējo un iekšējo palodžu uzstādīšana, kā arī logu un durvju aiļu apdare);
3. Iekštelpu remonts (skārda krāšņu demontāža, iekštelpu remonts dzīvokļos, elektroinstalācijas darbi un ugunsdrošības signalizācijas ierīkošana, iekšēja ūdensvada un kanalizācijas sistēmas izbūve, sanitāro telpu izbūve);
4. Apkures sistēmas izveide (jaunas apkures sistēmas izbūve, apkures katla un sūkņa uzstādīšana, karsta ūdens boilera uzstādīšana);
5. Fasādes siltināšana (putupolistirola plātņu montāža, dekoratīvā apmetuma uzklāšana);
6. Ārējā ūdensvada izbūve un sistēmas pieslēgšana pie esošiem tīkliem
7. Sadzīves kanalizācijas (ārējie tīkli) sistēmu un bioloģiskās attīrīšanas iekārtas izbūve
","174 829.55","131 122.00","26 224.00","17 483.55","7 mēneši",
19,"Alojas pilsētas dome","Jūras iela 13, Aloja, Aloja ar lauku teritoriju, Limbažu rajons, LV-4064","Alojas pašvaldības sociālās dzīvojamās mājas siltumnoturības uzlabošana","Aloja",06/02/09,"Sociālo dzīvojamo māju siltumnoturības uzlabošanas pasākumi","Alojas pašvaldības sociālā dzīvojamā māja Ausekļa ielā 3a, Alojā, ir Alojas pilsētas domes bilancē ar vērtību LVL 1847,42. Ēka nodota ekspluatācijā 1953. gadā. Ar 2000. gada 26. jūnija lēmumu Nr. 122, protokols Nr. 7, 10# ēkai noteikts sociālās mājas statuss.
Ēkā ir 8 dzīvokļi, kuri izvietoti 2 stāvos. Ēkas kopējā platība ir 427,2 kvm, lietderīgā un apkurināmā platība ir 427,2 kvm. Visi 8 dzīvokļi, t.i. 100% ir izīrēti personām, kuras reģistrējušās Alojas pilsētas domē, lai saņemtu palīdzību dzīvokļu jautājumu risināšanā saskaņā ar likumu „Par palīdzības sniegšanu dzīvokļu jautājumu risināšanā”. Visi sociālās dzīvojamās mājas īrnieki ir personas un viņu ģimenes, kurām piešķirts maznodrošinātas personas statuss. 
Saskaņā ar ēkas energoaudita atskaitē iekļauto atzinumu, ēkā nav veikti nekādi pasākumi energoefektivitātes paaugstināšanai. 
Ēkas energoefektivitātes rādītāju uzlabošanai projekta ietvaros plānots veikt sekojošas aktivitātes: 
demontāžas darbi,
jumta seguma nomaiņa.
logu un durvju nomaiņa,
fasādes siltināšana un dekoratīvā apdare,
apkures sistēmas (krāšņu) remonts. ","80 818.44","60 613.83","10 102.30","10 102.31","9 mēneši",
20,"Skrundas novada pašvaldība","Raiņa iela 11, Skrundas lauku teritorija, Skrunda ar lauku teritoriju, Kuldīgas rajons, LV-3326","Sociālās dzīvojamās mājas Liepājas ielā 6 Skrundā energoefektivitātes pasākumi","Skrundas lauku teritorija",06/02/09,"Sociālo dzīvojamo māju siltumnoturības uzlabošanas pasākumi","Sociālā dzīvojamā māja Skrundā, Liepājas ielā 6, ir Skrundas pilsētas domes bilancē esoša ēka, kas ekspluatācijā nodota 1935.gadā. Ēkai ir divi stāvi, tajā izvietoti 8 dzīvokļi. Šajā mājā ir arī tirdzniecības telpas 118 m², ko pēc rekonstrukcijas projekta pārveidos par vēl trijām dzīvojamām platībām. Tā pilnībā ēku pārvēršot par sociālo dzīvojamo māju.
 Ēkas kopējā platība ir 495.4 m2. Kopš 2000.gada ēkai piešķirts sociālās dzīvojamās mājas statuss.
8 dzīvokļi, jeb 100 %, ir izīrēti personām, kuras deklarējušas dzīvesvietu Liepājas ielā 6, Skrundā, lai saņemtu palīdzību dzīvokļu jautājumu risināšanā, saskaņā ar likumu “Par palīdzības sniegšanu dzīvokļa jautājuma risināšanā”. 7,14 % (viena persona) no ēkas īrniekiem ir persona ar kustību traucējumiem, 21,42% ( trīs personām ir maznodrošinātās personas status), 14,28% ir pensionāri.
Saskaņā ar ēkas energoaudita atskaitē iekļauto tehnisko atzinumu, ēkas tehniskais stāvoklis uzskatāms par apmierinošu.
Ēkas energoefektivitātes rādītāju uzlabošanai, projekta ietvaros paredzēts veikt sekojošas aktivitātes:
   1) bēniņu pārseguma siltumizolēšana
   2) bēniņu lūkas blīvēšana, siltumizolēšana
   3) pagraba ieeju rekonstrukcija
   4) ieejas mezglu rekonstrukcija
   5) siltumizolācijas uzstādīšana ēku ārsienām, koka konstrukciju atjaunošana
   6) pamatu remonts un siltumizolēšana
   7) 1.stāva grīdu rekonstrukcija un siltumizolēšana
   8) logu un durvju uzstādīšana pagrabā
   9) logu nomaiņa ēkā
  10) apkures sistēmas izbūve, gāzes kurināmā katla uzstādīšana ar automātisku padevi. Ņemot vērā, ka ēkā ir īrnieks ar kustību traucējumiem, vienādu iespēju nodrošināšanas nolūkā, projekta ietvaros ir paredzēts veikt sekojošas aktivitātes: atsevišķas ieejas izbūve un nobrauktuves izbūve
Ēkas rekonstrukcijas un tehnisko instalāciju atjaunošanas plānā plānotas sekojošas aktivitātes:
vienota ūdensvada un kanalizācijas sistēmas izbūve ēkā
automātiskas ugunsgrēka atklāšanas un trauksmes izziņošanas sistēmas izbūve
elektroinstalācijas sistēmas izbūve
",181301.71,135976.29,22662.71,22662.71,"9 mēneši","Vēl nav iesniegta informācija"
21,"Talsu novada dome","Kareivju iela 7, Talsi, LV-3201","Sociālās dzīvojamās mājas Kalna ielā 5A siltumnoturības uzlabošanas pasākumi","Talsi",06/02/09,"Sociālo dzīvojamo māju siltumnoturības uzlabošanas pasākumi","Sociālā dzīvojamā māja Talsos, Kalna ielā 5A ir Talsu pilsētas domes īpašumā un bilancē esoša ēka, ekspluatācijā nodota 1963.gadā. Ēkai ir divi dzīvojamie stāvi ar 17 dzīvojamām telpām un bēniņi. Dzīvojamās telpas nevar uzskatīt par pilnvērtīgiem dzīvokļiem, jo tajās nav projektētas atsevišķas virtuves un sanitārie mezgli. Ēkas kopējā lietderīgā platība ir 463 m2.
16 dzīvokļi jeb 94% no kopējā dzīvokļu skaita ir izīrēti personām, kas reģistrējušās Talsu pilsētas pašvaldībā, lai saņemtu palīdzību dzīvokļu jautājumu risināšanā saskaņā ar likumu „Par palīdzības sniegšanu dzīvokļu jautājumu risināšanā. Par 1 dzīvokli apsaimniekotājam „Talsu namu pārvaldei” ir noslēgts līgums ar A/S „Talsu slimnīca” jau pirms domes lēmuma par sociālās dzīvojamās mājas statusa piešķiršanu ēkai Kalna ielā 5A.. A/S „Talsu slimnīca” šo dzīvokli izmanto kā dienesta viesnīcu. Kā savu dzīvesvietu Kalna ielā 5A deklarējušas 30 personas. Sociālās dzīvojamās mājas telpas nav piemērotas personām ar īpašām vajadzībām, un tas apgrūtina pārvietošanos 1 īrniekam ar kustību traucējumiem. 17 personām jeb 57% no kopējā īrnieku skaita ir piešķirts maznodrošinātās personas statuss, 1 persona ir attiecībā uz kuru ir stājies spēkā tiesas spriedums par izlikšanu no dzīvojamās telpas, saskaņā ar likumu „Par dzīvojamo telpu īri”, bet 2 īrniekiem ir bāreņa statuss. 
Saskaņā ar ēkas energoaudita atskaitē iekļauto tehnisko atzinumu, ēkas tehniskais stāvoklis ir uzskatāms par neapmierinošu.
Ēkas energoefektivitātes rādītāju uzlabošanai, ēkas rekonstrukcijas un tehnisko instalāciju atjaunošanai, projekta ietvaros plānots veikt sekojošas aktivitātes:
Ēkas ārsienu un pamatu siltumizolēšana
Jumta seguma nomaiņa, bēniņu siltināšana, bēniņu lūkas nomaiņa
Iekšējo telpu rekonstrukcija
Iekšējo inženiertīklu ierīkošana
Labiekārtošanas darbi
Vides pieejamības jomā projekts paredz durvju platumus virs 850 mm ar vēršanās virzienu uz āru, visas durvis bez sliekšņiem, kāpņu telpā, pēc projekta aktivitāšu īstenošanas, iespēju ierīkot ratiņkrēslu pacēlāju – „sliedi” ar platformu.
Ēkas energoefektivitātes paaugstināšanai projektā tiks veikti visi ēkas energoauditā ieteiktie mājokļa renovācijas projekta priekšlikumi.
Ievērojot Eiropas Savienības prasības informācijas un publicitātes pasākumu nodrošināšanā, projektā plānoti šādi publicitātes pasākumi
preses relīzes 
informēšana masu medijos 
informācija Talsu pilsētas mājas lapā www.talsi.lv 
Plānotie energoefektivitātes uzlabošanas pasākumi un ēkas rekonstrukcija paaugstinās energoefektivitāti, pagarinās ēku kalpošanas laiku, uzlabos to ārējo izskatu un nodrošinās sociālās atstumtības riskam pakļautās iedzīvotāju grupas (sociālās dzīvojamās mājas maznodrošinātos dzīvojamo telpu īrniekus) ar atbilstošu mājokli.","207 848,10 Ls","140 000,00 Ls ","14 000,00 Ls","53 848,10 Ls","9 mēneši","Vēl nav iesniegta informācija"
22,"Talsu novada Strazdes pagasta pārvalde","""Kraujas"", Strazdes pagasts, Talsu novads, LV-3291","Strazdes pagasta sociālās dzīvojamās mājas ""Silmalas"" siltumnoturības uzlabošanas pasākumi"," Strazdes pagasts",06/02/09,"Sociālo dzīvojamo māju siltumnoturības uzlabošanas pasākumi","Sociālā dzīvojamā māja ""Silmalas"" ir Strazdes pagasta padomes bilancē esoša ēka, kas nodota ekspluatācijā 1876.gadā. Ēka ir ar 1 stāvu, ar 6 dzīvojamo telpu grupām, ar kopējo lietderīgo platību 408,9 kvm. Kopš 1998.gada ēkai piešķirts sociālās dzīvojamās mājas statuss.
6 telpu grupas (100 %) no kopējā telpu grupas skaita ir izīrētas personām, kas reģistrējušās Talsu rajona Strazdes pagastā, lai saņemtu palīdzību dzīvokļa jautājumu risināšanā, saskaņā ar likumu ""Par palīdzības sniegšanu dzīvokļa jautājumu risināšanā"".
Saskaņā ar ēkas energoaudita atskaitē iekļauto tehnisko atzinumu, ēkas tehniskais stāvoklis uzskatāms par neapmierinošu.
Ēkas energoefektivitātes rādītāju uzlabošanai, projekta ietvaros plānots veikt sekojošas aktivitātes:
1. Jumta seguma nomaiņa, skursteņu, pārkares, noteksistēmas un zibens aizsardzības uzstādīšana;
2. fasādes un pamatu siltināšana;
3. fasādes logu un durvju nomaiņa;
4. publicitātes pasākumi.
Ņemot vērā, ka sociālās mājas īrnieki var būt arī cilvēki ar kustību traucējumiem, vienādu iespēju nodrošināšanas nolūkā, projekta ietveros ir paredzēts veikt sekojošas aktivitātes:
1. pielāgotu durvju ierīkošana.
Ievērojot Eiropas Savienības prasības publicitātes pasākumu un vizuālās identitātes nodrošināšanā, plānoti sekojoši publicitātes pasākumi:
1. Informācijas plāksnes izgatavošana un uzstādīšana;
2. Preses relīzes pagasta informatīvajā avīzē un rajona laikrakstā;
3. Pieejama informācija pašvaldības iedzīvotājiem pieejamās vietās.","77 180,07 Ls","57 885,05 Ls","7 718,01 Ls","11 577,01 Ls","12 mēneši","Vēl nav iesniegta informācija"
23,"Jūrmalas pilsētas dome","Jomas iela 1/5, Jūrmala, LV-2015","Sociālās dzīvojamās mājas Valkas ielā 3, Jūrmalā siltumnoturības uzlabošana","Strazdes pagasts",06/02/09,"Sociālo dzīvojamo māju siltumnoturības uzlabošanas pasākumi","Sociālā dzīvojamā māja ""Silmalas"" ir Strazdes pagasta padomes bilancē esoša ēka, kas nodota ekspluatācijā 1876.gadā. Ēka ir ar 1 stāvu, ar 6 dzīvojamo telpu grupām, ar kopējo lietderīgo platību 408,9 kvm. Kopš 1998.gada ēkai piešķirts sociālās dzīvojamās mājas statuss.
6 telpu grupas (100 %) no kopējā telpu grupas skaita ir izīrētas personām, kas reģistrējušās Talsu rajona Strazdes pagastā, lai saņemtu palīdzību dzīvokļa jautājumu risināšanā, saskaņā ar likumu ""Par palīdzības sniegšanu dzīvokļa jautājumu risināšanā"".
Saskaņā ar ēkas energoaudita atskaitē iekļauto tehnisko atzinumu, ēkas tehniskais stāvoklis uzskatāms par neapmierinošu.
Ēkas energoefektivitātes rādītāju uzlabošanai, projekta ietvaros plānots veikt sekojošas aktivitātes:
1. Jumta seguma nomaiņa, skursteņu, pārkares, noteksistēmas un zibens aizsardzības uzstādīšana;
2. fasādes un pamatu siltināšana;
3. fasādes logu un durvju nomaiņa;
4. publicitātes pasākumi.
Ņemot vērā, ka sociālās mājas īrnieki var būt arī cilvēki ar kustību traucējumiem, vienādu iespēju nodrošināšanas nolūkā, projekta ietveros ir paredzēts veikt sekojošas aktivitātes:
1. pielāgotu durvju ierīkošana.
Ievērojot Eiropas Savienības prasības publicitātes pasākumu un vizuālās identitātes nodrošināšanā, plānoti sekojoši publicitātes pasākumi:
1. Informācijas plāksnes izgatavošana un uzstādīšana;
2. Preses relīzes pagasta informatīvajā avīzē un rajona laikrakstā;
3. Pieejama informācija pašvaldības iedzīvotājiem pieejamās vietās.","121 044,41 Ls","90 783,31 Ls","6 052,22 Ls","24 208,88 Ls","21 mēnesis","Vēl nav iesniegta informācija"
24,"Saldus novada pašvaldības aģentūra ""Sociālais dienests""","Dzirnavu iela 1, Saldus","Saldus pilsētas sociālās dzīvojamās mājas energoefektivitātes paaugstināšana","Saldus pilsēta",06/02/09,"Sociālo dzīvojamo māju siltumnoturības uzlabošanas pasākumi","Mājoklis ir galvenais cilvēka dzīves darbībai un eksistencei nepieciešamās vides
nodrošinājums. Valsts stratēģiskais ietvardokuments nosaka, ka sakārtots, pieejams un pievilcīgs mājoklis ir viens no dzīves kvalitātes un pievilcīgas dzīves vides faktoriem, kas sekmē cilvēku piesaisti reģionam. Savukārt cilvēkresursu koncentrēšanās noteiktās teritorijās ir viens no pamata priekšnosacījumiem reģiona izaugsmes nodrošināšanai.
 Adekvātu mājokļu pieejamība ir ļoti svarīga, īpaši cilvēkiem, kuru ienākumi neļauj pilnā mērā norēķināties par dzīvojamās platības īri un komunālajiem pakalpojumiem. Sociālie mājokļi tiek veidoti saskaņā ar likumu „Par sociāliem dzīvokļiem un sociālām dzīvojamām mājām” un paredzēti iedzīvotājiem ar zemiem ienākumiem. Sociālo dzīvojamo māju uzturēšanu un apsaimniekošanu finansē no šim nolūkam paredzētiem pašvaldības budžeta līdzekļiem – tie ir nepietiekami, lai veiktu apjomīgus energoefektivitātes paaugstināšanas un ēkas renovācijas darbus. Saldus pilsētas pašvaldībā ir viena sociālā dzīvojamā māja – Celtnieku ielā 2a, kurā dzīvo 22 maznodrošināti vientuļie pensionāri. 2004. gadā veikta ēkas rekonstrukcija, tomēr, finansu līdzekļu trūkuma dēļ, ēkā nav veikti visi nepieciešamie energoefektivitātes pasākumi. 
2008. gada maijā, veicot ēkas energoauditu, tika konstatēti būtiskākie trūkumi un izstrādāts pasākumu komplekss mājokļa energoefektivitātes paaugstināšanai. Lai uzlabotu sociālās mājas iedzīvotāju dzīves vidi un samazinātu pašvaldības izdevumus par sociālā mājokļa uzturēšanu, projekta ietvaros plānots:
saremontēt un nosiltināt bēniņu pārsegumu; siltumizolēt bēniņu lūkas; nomainīt ēkas jumta segumu;
uzlabot ventilācijas sistēmu;
samazināt siltumenerģijas zudumus kāpņutelpās – izbūvēt vējtverus, nomainīt durvis;
nosiltināt ēkas dienvidrietumu fasādes pamatus;
siltumizolēt caurules un armatūru siltummezglā;
izstrādāt un ieviest ēkai piemērotu apkures regulēšanas metodiku; uzstādīt sildķermeņiem automātiskos termoregulatorus.
Sociālās mājas pilnvērtīgas darbības nodrošināšanai un iedzīvotāju drošībai par pašvaldības līdzekļiem plānots uzstādīt LR būvnormatīvu prasībām atbilstošas ārējās evakuācijas kāpnes
Projektā plānoto aktivitāšu īstenošanai paredzēts izmantot kvalitatīvus un videi draudzīgus būvniecības materiālus. Projekta rezultātā tiks nodrošināts energoresursu ietaupījums un to efektīvāka izmantošana (energoefektivitāte paaugstināsies aptuveni par 22.7 %), kas savukārt samazinās CO2 emisijas, tā sekmējot vides kvalitātes paaugstināšanos un dabas resursu ekonomiju. 
Projekta mērķgrupa ir sociāli mazaizsargātie Saldus pilsētas iedzīvotāji – maznodrošinātie, pensionāri, invalīdi. Īstenojot projektu, tiks uzlaboti sociālās mājas iedzīvotāju dzīves apstākļi. Neieguldot līdzekļus ēkas energoefektivitātes paaugstināšanā, proporcionāli siltumenerģijas tarifu pieaugumam, paaugstināsies iedzīvotāju maksājumi par siltumenerģiju, daļa ēkas konstrukciju turpinās strauji nolietoties mitruma iespaidā, palielināsies mājokļa apsaimniekošanas izmaksas. ","55 827.34","41 870.50","4 187.05","9 769.79","6 mēneši","Vēl nav iesniegta informācija"
